time,frame,slot,rnti,rb_size,rb_start,qam_mod_order,mcs_index,number_of_bits
20:39:08.328401,835,8,61809,5,0,2,8,808
20:39:08.359365,838,8,49395,5,0,2,8,808
20:39:08.431230,845,8,61809,5,0,2,8,808
20:39:08.462617,848,8,49395,5,0,2,8,736
20:39:08.535630,855,8,61809,5,0,2,8,808
20:39:08.565852,858,8,49395,5,0,2,8,808
20:39:08.637699,865,8,61809,5,0,2,8,808
20:39:08.668286,868,8,49395,5,0,2,8,808
20:39:08.738454,875,8,61809,5,0,2,8,808
20:39:08.768799,878,8,49395,5,0,2,8,808
20:39:08.839547,885,8,61809,5,0,2,8,808
20:39:08.870243,888,8,49395,5,0,2,8,736
20:39:08.941198,895,8,61809,5,0,2,8,808
20:39:08.986631,898,8,49395,5,0,2,8,808
20:39:09.056973,905,8,61809,5,0,2,8,808
20:39:09.086753,908,8,49395,5,0,2,8,808
20:39:09.157662,915,8,61809,5,0,2,8,808
20:39:09.187752,918,8,49395,5,0,2,8,808
20:39:09.257887,925,8,61809,5,0,2,8,808
20:39:09.288043,928,8,49395,5,0,2,8,736
20:39:09.357998,935,8,61809,5,0,2,8,808
20:39:09.388041,938,8,49395,5,0,2,8,808
20:39:09.458582,945,8,61809,5,0,2,8,808
20:39:09.488524,948,8,49395,5,0,2,8,808
20:39:09.558833,955,8,61809,5,0,2,8,808
20:39:09.589270,958,8,49395,5,0,2,8,808
20:39:09.662489,965,8,61809,5,0,2,8,808
20:39:09.692555,968,8,49395,5,0,2,8,736
20:39:09.807922,975,8,61809,5,0,2,8,808
20:39:09.840815,978,8,49395,5,0,2,8,808
20:39:09.919081,985,8,61809,5,0,2,8,808
20:39:09.953493,988,8,49395,5,0,2,8,808
20:39:10.033916,995,8,61809,5,0,2,8,808
20:39:10.068528,998,8,49395,5,0,2,8,808
20:39:10.148843,1005,8,61809,5,0,2,8,808
20:39:10.184258,1008,8,49395,5,0,2,8,736
20:39:10.263185,1015,8,61809,5,0,2,8,808
20:39:10.297766,1018,8,49395,5,0,2,8,808
20:39:10.377136,1,8,61809,5,0,2,8,808
20:39:10.412143,4,8,49395,5,0,2,8,808
20:39:10.490812,11,8,61809,5,0,2,8,808
20:39:10.525581,14,8,49395,5,0,2,8,808
20:39:10.605317,21,8,61809,5,0,2,8,808
20:39:10.616276,22,7,61809,23,0,2,8,808
20:39:10.639852,24,8,49395,5,0,2,8,736
20:39:10.731259,32,8,61809,5,0,2,8,736
20:39:10.753916,34,8,49395,5,0,2,8,808
20:39:10.846698,42,8,61809,5,0,2,8,808
20:39:10.869452,44,8,49395,5,0,2,8,808
20:39:10.983644,52,8,61809,5,0,2,8,808
20:39:11.006848,54,8,49395,5,0,2,8,808
20:39:11.098088,62,8,61809,5,0,2,8,808
20:39:11.119864,64,8,49395,5,0,2,8,736
20:39:11.209913,72,8,61809,5,0,2,8,736
20:39:11.232653,74,8,49395,5,0,2,8,808
20:39:11.322715,82,8,61809,5,0,2,8,808
20:39:11.345392,84,8,49395,5,0,2,8,808
20:39:11.436148,92,8,61809,5,0,2,8,808
20:39:11.458878,94,8,49395,5,0,2,8,808
20:39:11.549543,102,8,61809,5,0,2,8,808
20:39:11.572196,104,8,49395,5,0,2,8,736
20:39:11.662980,112,8,61809,5,0,2,8,736
20:39:11.686207,114,8,49395,5,0,2,8,808
20:39:11.776570,122,8,61809,5,0,2,8,808
20:39:11.799366,124,8,49395,5,0,2,8,808
20:39:11.889810,132,8,61809,5,0,2,8,808
20:39:11.912405,134,8,49395,5,0,2,8,808
20:39:12.032400,142,8,61809,5,0,2,8,808
20:39:12.055066,144,8,49395,5,0,2,8,736
20:39:12.144367,152,8,61809,5,0,2,8,736
20:39:12.167057,154,8,49395,5,0,2,8,808
20:39:12.257418,162,8,61809,5,0,2,8,808
20:39:12.280115,164,8,49395,5,0,2,8,808
20:39:12.369809,172,8,61809,5,0,2,8,808
20:39:12.392340,174,8,49395,5,0,2,8,808
20:39:12.482227,182,8,61809,5,0,2,8,808
20:39:12.504816,184,8,49395,5,0,2,8,736
20:39:12.594552,192,8,61809,5,0,2,8,736
20:39:12.617283,194,8,49395,5,0,2,8,808
20:39:12.706208,202,8,61809,5,0,2,8,808
20:39:12.728289,204,8,49395,5,0,2,8,808
20:39:12.818847,212,8,61809,5,0,2,8,808
20:39:12.841134,214,8,49395,5,0,2,8,808
20:39:12.963350,222,8,61809,5,0,2,8,808
20:39:12.986130,224,8,49395,5,0,2,8,736
20:39:13.076825,232,8,61809,5,0,2,8,736
20:39:13.098802,234,8,49395,5,0,2,8,808
20:39:13.189777,242,8,61809,5,0,2,8,808
20:39:13.211586,244,8,49395,5,0,2,8,808
20:39:13.301903,252,8,61809,5,0,2,8,808
20:39:13.324582,254,8,49395,5,0,2,8,808
20:39:13.414847,262,8,61809,5,0,2,8,808
20:39:13.437716,264,8,49395,5,0,2,8,736
20:39:13.527341,272,8,61809,5,0,2,8,736
20:39:13.550184,274,8,49395,5,0,2,8,808
20:39:13.640005,282,8,61809,5,0,2,8,808
20:39:13.662040,284,8,49395,5,0,2,8,808
20:39:13.752531,292,8,61809,5,0,2,8,808
20:39:13.776741,294,8,49395,5,0,2,8,808
20:39:13.870949,302,8,61809,5,0,2,8,808
20:39:13.940099,304,8,49395,5,0,2,8,736
20:39:14.030199,312,8,61809,5,0,2,8,736
20:39:14.052854,314,8,49395,5,0,2,8,808
20:39:14.143201,322,8,61809,5,0,2,8,808
20:39:14.165642,324,8,49395,5,0,2,8,808
20:39:14.256143,332,8,61809,5,0,2,8,808
20:39:14.278736,334,8,49395,5,0,2,8,808
20:39:14.369448,342,8,61809,5,0,2,8,808
20:39:14.391722,344,8,49395,5,0,2,8,736
20:39:14.482202,352,8,61809,5,0,2,8,736
20:39:14.504962,354,8,49395,5,0,2,8,808
20:39:14.595192,362,8,61809,5,0,2,8,808
20:39:14.617589,364,8,49395,5,0,2,8,808
20:39:14.707566,372,8,61809,5,0,2,8,808
20:39:14.729865,374,8,49395,5,0,2,8,808
20:39:14.819730,382,8,61809,5,0,2,8,808
20:39:14.843006,384,8,49395,5,0,2,8,736
20:39:14.945121,392,8,61809,5,0,2,8,736
20:39:14.979010,394,8,49395,5,0,2,8,808
20:39:15.071176,402,8,61809,5,0,2,8,808
20:39:15.093412,404,8,49395,5,0,2,8,808
20:39:15.183933,412,8,61809,5,0,2,8,808
20:39:15.206509,414,8,49395,5,0,2,8,808
20:39:15.296481,422,8,61809,5,0,2,8,808
20:39:15.318454,424,8,49395,5,0,2,8,736
20:39:15.408223,432,8,61809,5,0,2,8,736
20:39:15.430445,434,8,49395,5,0,2,8,808
20:39:15.521398,442,8,61809,5,0,2,8,808
20:39:15.544111,444,8,49395,5,0,2,8,808
20:39:15.633404,452,8,61809,5,0,2,8,808
20:39:15.656128,454,8,49395,5,0,2,8,808
20:39:15.746340,462,8,61809,5,0,2,8,808
20:39:15.770791,464,8,49395,5,0,2,8,736
20:39:15.863277,472,8,61809,5,0,2,8,736
20:39:15.886194,474,8,49395,5,0,2,8,808
20:39:16.006803,482,8,61809,5,0,2,8,808
20:39:16.029482,484,8,49395,5,0,2,8,808
20:39:16.167024,492,8,61809,5,0,2,8,808
20:39:16.189600,494,8,49395,5,0,2,8,808
20:39:16.281059,502,8,61809,5,0,2,8,808
20:39:16.303189,504,8,49395,5,0,2,8,736
20:39:16.393749,512,8,61809,5,0,2,8,736
20:39:16.416124,514,8,49395,5,0,2,8,808
20:39:16.506718,522,8,61809,5,0,2,8,808
20:39:16.529595,524,8,49395,5,0,2,8,808
20:39:16.620532,532,8,61809,5,0,2,8,808
20:39:16.643129,534,8,49395,5,0,2,8,808
20:39:16.733685,542,8,61809,5,0,2,8,808
20:39:16.756218,544,8,49395,5,0,2,8,736
20:39:16.846699,552,8,61809,5,0,2,8,736
20:39:16.869298,554,8,49395,5,0,2,8,808
20:39:16.960357,562,8,61809,5,0,2,8,808
20:39:16.982964,564,8,49395,5,0,2,8,808
20:39:17.102192,572,8,61809,5,0,2,8,808
20:39:17.171189,574,8,49395,5,0,2,8,808
20:39:17.263209,582,8,61809,5,0,2,8,808
20:39:17.285034,584,8,49395,5,0,2,8,736
20:39:17.377839,592,8,61809,5,0,2,8,736
20:39:17.401951,594,8,49395,5,0,2,8,808
20:39:17.492735,602,8,61809,5,0,2,8,808
20:39:17.515930,604,8,49395,5,0,2,8,808
20:39:17.607724,612,8,61809,5,0,2,8,808
20:39:17.630680,614,8,49395,5,0,2,8,808
20:39:17.722795,622,8,61809,5,0,2,8,808
20:39:17.745577,624,8,49395,5,0,2,8,736
20:39:17.836477,632,8,61809,5,0,2,8,736
20:39:17.859987,634,8,49395,5,0,2,8,808
20:39:17.950788,642,8,61809,5,0,2,8,808
20:39:17.973204,644,8,49395,5,0,2,8,808
20:39:18.113561,652,8,61809,5,0,2,8,808
20:39:18.181316,654,8,49395,5,0,2,8,808
20:39:18.271896,662,8,61809,5,0,2,8,808
20:39:18.294901,664,8,49395,5,0,2,8,736
20:39:18.386866,672,8,61809,5,0,2,8,736
20:39:18.409024,674,8,49395,5,0,2,8,808
20:39:18.499435,682,8,61809,5,0,2,8,808
20:39:18.522334,684,8,49395,5,0,2,8,808
20:39:18.613512,692,8,61809,5,0,2,8,808
20:39:18.636088,694,8,49395,5,0,2,8,808
20:39:18.726268,702,8,61809,5,0,2,8,808
20:39:18.749071,704,8,49395,5,0,2,8,736
20:39:18.839553,712,8,61809,5,0,2,8,736
20:39:18.862099,714,8,49395,5,0,2,8,808
20:39:18.952032,722,8,61809,5,0,2,8,808
20:39:18.974313,724,8,49395,5,0,2,8,808
20:39:18.985701,725,7,49395,106,0,2,8,3752
20:39:18.986315,725,8,49395,106,0,2,8,17424
20:39:18.986762,725,9,49395,106,0,2,8,17424
20:39:18.990776,725,17,49395,106,0,2,8,3752
20:39:18.991367,725,18,49395,106,0,2,8,17424
20:39:18.991916,725,19,49395,94,12,2,8,15112
20:39:18.996393,726,7,49395,106,0,2,8,3752
20:39:18.997049,726,8,49395,106,0,2,8,17424
20:39:18.997626,726,9,49395,106,0,2,8,17424
20:39:19.001853,726,17,49395,106,0,2,8,3752
20:39:19.002640,726,18,49395,106,0,2,8,17424
20:39:19.003104,726,19,49395,106,0,2,8,17424
20:39:19.007635,727,7,49395,106,0,2,8,3752
20:39:19.008213,727,8,49395,106,0,2,8,17424
20:39:19.008859,727,9,49395,106,0,2,8,17424
20:39:19.013073,727,17,49395,106,0,2,8,3752
20:39:19.013707,727,18,49395,106,0,2,8,17424
20:39:19.014475,727,19,49395,94,12,2,8,15112
20:39:19.018822,728,7,49395,106,0,2,8,3752
20:39:19.019471,728,8,49395,106,0,2,8,15624
20:39:19.020023,728,9,49395,106,0,2,8,15624
20:39:19.024617,728,17,49395,106,0,2,8,3752
20:39:19.025154,728,18,49395,106,0,2,8,17424
20:39:19.025605,728,19,49395,106,0,2,8,17424
20:39:19.029977,729,7,49395,106,0,2,8,3752
20:39:19.030695,729,8,49395,106,0,2,8,17424
20:39:19.031244,729,9,49395,106,0,2,8,17424
20:39:19.035547,729,17,49395,106,0,2,8,3752
20:39:19.036138,729,18,49395,106,0,2,8,17424
20:39:19.036979,729,19,49395,94,12,2,8,15112
20:39:19.041279,730,7,49395,106,0,2,8,3752
20:39:19.042002,730,8,49395,106,0,2,8,17424
20:39:19.042431,730,9,49395,106,0,2,8,17424
20:39:19.046829,730,17,49395,106,0,2,8,3752
20:39:19.047518,730,18,49395,106,0,2,8,17424
20:39:19.048047,730,19,49395,106,0,2,8,17424
20:39:19.052389,731,7,49395,106,0,2,8,3752
20:39:19.053124,731,8,49395,106,0,2,8,17424
20:39:19.053581,731,9,49395,106,0,2,8,17424
20:39:19.057887,731,17,49395,106,0,2,8,3752
20:39:19.058549,731,18,49395,106,0,2,8,17424
20:39:19.059280,731,19,49395,94,12,2,8,15112
20:39:19.063970,732,7,49395,106,0,2,8,3752
20:39:19.064471,732,8,61809,5,0,2,8,808
20:39:19.064471,732,8,49395,101,5,2,8,16392
20:39:19.064839,732,9,49395,106,0,2,8,17424
20:39:19.069377,732,17,49395,106,0,2,8,3752
20:39:19.070050,732,18,49395,106,0,2,8,17424
20:39:19.070606,732,19,49395,106,0,2,8,17424
20:39:19.121341,733,7,49395,106,0,2,8,3752
20:39:19.121778,733,8,49395,106,0,2,8,17424
20:39:19.122462,733,9,49395,106,0,2,8,17424
20:39:19.126597,733,17,49395,106,0,2,8,3752
20:39:19.127239,733,18,49395,106,0,2,8,17424
20:39:19.127869,733,19,49395,94,12,2,8,15112
20:39:19.133059,734,7,49395,106,0,2,8,3752
20:39:19.133831,734,8,49395,106,0,2,8,17424
20:39:19.134281,734,9,49395,106,0,2,8,17424
20:39:19.183633,734,17,49395,106,0,2,8,3752
20:39:19.184361,734,18,49395,106,0,2,8,17424
20:39:19.185488,734,19,49395,106,0,2,8,17424
20:39:19.190401,735,7,49395,106,0,2,8,3752
20:39:19.191607,735,8,49395,106,0,2,8,17424
20:39:19.192144,735,9,49395,106,0,2,8,17424
20:39:19.196762,735,17,49395,44,0,2,8,1608
20:39:19.272119,742,8,61809,5,0,2,8,808
20:39:19.305637,745,8,49395,5,0,2,8,808
20:39:19.384248,752,8,61809,5,0,2,8,736
20:39:19.394987,753,7,61809,106,0,2,8,3752
20:39:19.395608,753,8,61809,106,0,2,8,17424
20:39:19.396151,753,9,61809,106,0,2,8,17424
20:39:19.400440,753,17,61809,106,0,2,8,3752
20:39:19.401196,753,18,61809,106,0,2,8,17424
20:39:19.401811,753,19,61809,94,12,2,8,15112
20:39:19.406133,754,7,61809,106,0,2,8,3752
20:39:19.406925,754,8,61809,106,0,2,8,17424
20:39:19.407407,754,9,61809,106,0,2,8,17424
20:39:19.411846,754,17,61809,106,0,2,8,3752
20:39:19.412681,754,18,61809,106,0,2,8,17424
20:39:19.413117,754,19,61809,106,0,2,8,17424
20:39:19.417634,755,7,61809,106,0,2,8,3752
20:39:19.418216,755,8,49395,5,0,2,8,808
20:39:19.418216,755,8,61809,101,5,2,8,16392
20:39:19.418719,755,9,61809,106,0,2,8,17424
20:39:19.423155,755,17,61809,106,0,2,8,3752
20:39:19.423805,755,18,61809,106,0,2,8,17424
20:39:19.424545,755,19,61809,94,12,2,8,15112
20:39:19.428764,756,7,61809,106,0,2,8,3752
20:39:19.429550,756,8,61809,106,0,2,8,17424
20:39:19.430102,756,9,61809,106,0,2,8,17424
20:39:19.434469,756,17,61809,106,0,2,8,3752
20:39:19.435310,756,18,61809,106,0,2,8,17424
20:39:19.435679,756,19,61809,106,0,2,8,17424
20:39:19.439960,757,7,61809,106,0,2,8,3752
20:39:19.440767,757,8,61809,106,0,2,8,17424
20:39:19.441282,757,9,61809,106,0,2,8,17424
20:39:19.445776,757,17,61809,106,0,2,8,3752
20:39:19.446430,757,18,61809,106,0,2,8,17424
20:39:19.447334,757,19,61809,94,12,2,8,15112
20:39:19.451373,758,7,61809,106,0,2,8,3752
20:39:19.452155,758,8,61809,106,0,2,8,17424
20:39:19.452734,758,9,61809,106,0,2,8,17424
20:39:19.457359,758,17,61809,106,0,2,8,3752
20:39:19.457881,758,18,61809,106,0,2,8,17424
20:39:19.458647,758,19,61809,106,0,2,8,17424
20:39:19.463122,759,7,61809,106,0,2,8,3752
20:39:19.463826,759,8,61809,106,0,2,8,17424
20:39:19.464439,759,9,61809,106,0,2,8,17424
20:39:19.468831,759,17,61809,106,0,2,8,3752
20:39:19.469634,759,18,61809,106,0,2,8,17424
20:39:19.470209,759,19,61809,94,12,2,8,15112
20:39:19.474780,760,7,61809,106,0,2,8,3752
20:39:19.475295,760,8,61809,106,0,2,8,15624
20:39:19.475838,760,9,61809,106,0,2,8,15624
20:39:19.480342,760,17,61809,106,0,2,8,3752
20:39:19.481615,760,18,61809,106,0,2,8,17424
20:39:19.482029,760,19,61809,106,0,2,8,17424
20:39:19.486175,761,7,61809,106,0,2,8,3752
20:39:19.486824,761,8,61809,106,0,2,8,17424
20:39:19.487302,761,9,61809,106,0,2,8,17424
20:39:19.491996,761,17,61809,106,0,2,8,3752
20:39:19.492651,761,18,61809,106,0,2,8,17424
20:39:19.493381,761,19,61809,94,12,2,8,15112
20:39:19.497637,762,7,61809,106,0,2,8,3752
20:39:19.498477,762,8,61809,106,0,2,8,17424
20:39:19.498918,762,9,61809,106,0,2,8,17424
20:39:19.503528,762,17,61809,106,0,2,8,3752
20:39:19.504094,762,18,61809,106,0,2,8,17424
20:39:19.504642,762,19,61809,106,0,2,8,17424
20:39:19.509059,763,7,61809,106,0,2,8,3752
20:39:19.509835,763,8,61809,106,0,2,8,17424
20:39:19.510590,763,9,61809,106,0,2,8,17424
20:39:19.515008,763,17,61809,44,0,2,8,1608
20:39:19.533140,765,8,49395,5,0,2,8,808
20:39:19.625764,773,8,61809,5,0,2,8,808
20:39:19.648704,775,8,49395,5,0,2,8,808
20:39:19.659629,776,7,49395,106,0,2,8,3752
20:39:19.660342,776,8,49395,106,0,2,8,15624
20:39:19.660916,776,9,49395,106,0,2,8,15624
20:39:19.665362,776,17,49395,106,0,2,8,3752
20:39:19.665987,776,18,49395,106,0,2,8,17424
20:39:19.666535,776,19,49395,106,0,2,8,17424
20:39:19.671167,777,7,49395,106,0,2,8,3752
20:39:19.671786,777,8,49395,106,0,2,8,17424
20:39:19.672326,777,9,49395,106,0,2,8,17424
20:39:19.677017,777,17,49395,106,0,2,8,3752
20:39:19.677479,777,18,49395,106,0,2,8,17424
20:39:19.678219,777,19,49395,94,12,2,8,15112
20:39:19.682743,778,7,49395,106,0,2,8,3752
20:39:19.683427,778,8,49395,106,0,2,8,17424
20:39:19.683980,778,9,49395,106,0,2,8,17424
20:39:19.688943,778,17,49395,106,0,2,8,3752
20:39:19.689591,778,18,49395,106,0,2,8,17424
20:39:19.690187,778,19,49395,106,0,2,8,17424
20:39:19.694691,779,7,49395,106,0,2,8,3752
20:39:19.695337,779,8,49395,106,0,2,8,17424
20:39:19.695885,779,9,49395,106,0,2,8,17424
20:39:19.700531,779,17,49395,106,0,2,8,3752
20:39:19.701231,779,18,49395,106,0,2,8,17424
20:39:19.702398,779,19,49395,94,12,2,8,15112
20:39:19.706349,780,7,49395,106,0,2,8,3752
20:39:19.707211,780,8,49395,106,0,2,8,17424
20:39:19.707473,780,9,49395,106,0,2,8,17424
20:39:19.712850,780,17,49395,106,0,2,8,3752
20:39:19.713649,780,18,49395,106,0,2,8,17424
20:39:19.714136,780,19,49395,106,0,2,8,17424
20:39:19.717941,781,7,49395,106,0,2,8,3752
20:39:19.718564,781,8,49395,106,0,2,8,17424
20:39:19.719200,781,9,49395,106,0,2,8,17424
20:39:19.723709,781,17,49395,106,0,2,8,3752
20:39:19.724566,781,18,49395,106,0,2,8,17424
20:39:19.725223,781,19,49395,94,12,2,8,15112
20:39:19.729634,782,7,49395,106,0,2,8,3752
20:39:19.730339,782,8,49395,106,0,2,8,17424
20:39:19.731297,782,9,49395,106,0,2,8,17424
20:39:19.735688,782,17,49395,106,0,2,8,3752
20:39:19.736475,782,18,49395,106,0,2,8,17424
20:39:19.737178,782,19,49395,106,0,2,8,17424
20:39:19.741345,783,7,49395,106,0,2,8,3752
20:39:19.742208,783,8,61809,5,0,2,8,808
20:39:19.742209,783,8,49395,101,5,2,8,16392
20:39:19.742811,783,9,49395,106,0,2,8,17424
20:39:19.746771,783,17,49395,106,0,2,8,3752
20:39:19.747600,783,18,49395,106,0,2,8,17424
20:39:19.748306,783,19,49395,94,12,2,8,15112
20:39:19.753034,784,7,49395,106,0,2,8,3752
20:39:19.753870,784,8,49395,106,0,2,8,15624
20:39:19.754841,784,9,49395,106,0,2,8,15624
20:39:19.759145,784,17,49395,106,0,2,8,3752
20:39:19.759686,784,18,49395,106,0,2,8,17424
20:39:19.760605,784,19,49395,106,0,2,8,17424
20:39:19.764692,785,7,49395,106,0,2,8,3752
20:39:19.765680,785,8,49395,106,0,2,8,17424
20:39:19.766760,785,9,49395,106,0,2,8,17424
20:39:19.770342,785,17,49395,106,0,2,8,3752
20:39:19.771868,785,18,49395,106,0,2,8,17424
20:39:19.772792,785,19,49395,94,12,2,8,15112
20:39:19.776365,786,7,49395,106,0,2,8,3752
20:39:19.776741,786,8,49395,106,0,2,8,17424
20:39:19.777291,786,9,49395,106,0,2,8,17424
20:39:19.782092,786,17,49395,106,0,2,8,3752
20:39:19.782745,786,18,49395,29,0,2,8,4736
20:39:19.859772,793,8,61809,5,0,2,8,808
20:39:19.895003,796,8,49395,5,0,2,8,808
20:39:19.978804,803,8,61809,5,0,2,8,808
20:39:20.014919,806,8,49395,5,0,2,8,808
20:39:20.096616,813,8,61809,5,0,2,8,808
20:39:20.107112,814,7,61809,106,0,2,8,3752
20:39:20.107911,814,8,61809,106,0,2,8,17424
20:39:20.108340,814,9,61809,106,0,2,8,17424
20:39:20.113108,814,17,61809,106,0,2,8,3752
20:39:20.113825,814,18,61809,106,0,2,8,17424
20:39:20.114290,814,19,61809,106,0,2,8,17424
20:39:20.119010,815,7,61809,106,0,2,8,3752
20:39:20.119459,815,8,61809,106,0,2,8,17424
20:39:20.120164,815,9,61809,106,0,2,8,17424
20:39:20.124756,815,17,61809,106,0,2,8,3752
20:39:20.125694,815,18,61809,106,0,2,8,17424
20:39:20.126223,815,19,61809,94,12,2,8,15112
20:39:20.130616,816,7,61809,106,0,2,8,3752
20:39:20.131521,816,8,49395,5,0,2,8,736
20:39:20.131523,816,8,61809,101,5,2,8,14856
20:39:20.131905,816,9,61809,106,0,2,8,15624
20:39:20.136457,816,17,61809,106,0,2,8,3752
20:39:20.137215,816,18,61809,106,0,2,8,17424
20:39:20.137755,816,19,61809,106,0,2,8,17424
20:39:20.142100,817,7,61809,106,0,2,8,3752
20:39:20.142861,817,8,61809,106,0,2,8,17424
20:39:20.143444,817,9,61809,106,0,2,8,17424
20:39:20.147981,817,17,61809,106,0,2,8,3752
20:39:20.148538,817,18,61809,106,0,2,8,17424
20:39:20.149263,817,19,61809,94,12,2,8,15112
20:39:20.153706,818,7,61809,106,0,2,8,3752
20:39:20.154503,818,8,61809,106,0,2,8,17424
20:39:20.155044,818,9,61809,106,0,2,8,17424
20:39:20.159472,818,17,61809,106,0,2,8,3752
20:39:20.160242,818,18,61809,106,0,2,8,17424
20:39:20.160796,818,19,61809,106,0,2,8,17424
20:39:20.165500,819,7,61809,106,0,2,8,3752
20:39:20.166193,819,8,61809,106,0,2,8,17424
20:39:20.166738,819,9,61809,106,0,2,8,17424
20:39:20.171119,819,17,61809,106,0,2,8,3752
20:39:20.218688,819,18,61809,106,0,2,8,17424
20:39:20.219052,819,19,61809,94,12,2,8,15112
20:39:20.224183,820,7,61809,106,0,2,8,3752
20:39:20.224933,820,8,61809,106,0,2,8,17424
20:39:20.226147,820,9,61809,106,0,2,8,17424
20:39:20.230858,820,17,61809,106,0,2,8,3752
20:39:20.231450,820,18,61809,106,0,2,8,17424
20:39:20.232783,820,19,61809,106,0,2,8,17424
20:39:20.237947,821,7,61809,106,0,2,8,3752
20:39:20.238780,821,8,61809,106,0,2,8,17424
20:39:20.239818,821,9,61809,106,0,2,8,17424
20:39:20.278334,821,17,61809,106,0,2,8,3752
20:39:20.278746,821,18,61809,106,0,2,8,17424
20:39:20.279127,821,19,61809,94,12,2,8,15112
20:39:20.280363,822,7,61809,106,0,2,8,3752
20:39:20.281186,822,8,61809,106,0,2,8,17424
20:39:20.282222,822,9,61809,106,0,2,8,17424
20:39:20.287199,822,17,61809,106,0,2,8,3752
20:39:20.288390,822,18,61809,106,0,2,8,17424
20:39:20.289101,822,19,61809,106,0,2,8,17424
20:39:20.294802,823,7,61809,106,0,2,8,3752
20:39:20.295608,823,8,61809,106,0,2,8,17424
20:39:20.296366,823,9,61809,106,0,2,8,17424
20:39:20.302444,823,17,61809,106,0,2,8,3752
20:39:20.303135,823,18,61809,106,0,2,8,17424
20:39:20.304552,823,19,61809,94,12,2,8,15112
20:39:20.309978,824,7,61809,106,0,2,8,3752
20:39:20.311013,824,8,61809,106,0,2,8,15624
20:39:20.311788,824,9,61809,106,0,2,8,15624
20:39:20.316284,824,17,61809,33,0,2,8,1160
20:39:20.337071,826,8,49395,5,0,2,8,808
20:39:20.433038,834,8,61809,5,0,2,8,808
20:39:20.456424,836,8,49395,5,0,2,8,808
20:39:20.466944,837,7,49395,106,0,2,8,3752
20:39:20.467754,837,8,49395,106,0,2,8,17424
20:39:20.468326,837,9,49395,106,0,2,8,17424
20:39:20.472613,837,17,49395,106,0,2,8,3752
20:39:20.473349,837,18,49395,106,0,2,8,17424
20:39:20.473840,837,19,49395,94,12,2,8,15112
20:39:20.478274,838,7,49395,106,0,2,8,3752
20:39:20.479062,838,8,49395,106,0,2,8,17424
20:39:20.479474,838,9,49395,106,0,2,8,17424
20:39:20.484107,838,17,49395,106,0,2,8,3752
20:39:20.484586,838,18,49395,106,0,2,8,17424
20:39:20.485254,838,19,49395,106,0,2,8,17424
20:39:20.489511,839,7,49395,106,0,2,8,3752
20:39:20.490196,839,8,49395,106,0,2,8,17424
20:39:20.490793,839,9,49395,106,0,2,8,17424
20:39:20.495366,839,17,49395,106,0,2,8,3752
20:39:20.495886,839,18,49395,106,0,2,8,17424
20:39:20.496760,839,19,49395,94,12,2,8,15112
20:39:20.500951,840,7,49395,106,0,2,8,3752
20:39:20.501779,840,8,49395,106,0,2,8,15624
20:39:20.503244,840,9,49395,106,0,2,8,15624
20:39:20.506869,840,17,49395,106,0,2,8,3752
20:39:20.507466,840,18,49395,106,0,2,8,17424
20:39:20.508015,840,19,49395,106,0,2,8,17424
20:39:20.512501,841,7,49395,106,0,2,8,3752
20:39:20.513177,841,8,49395,106,0,2,8,17424
20:39:20.513741,841,9,49395,106,0,2,8,17424
20:39:20.518182,841,17,49395,106,0,2,8,3752
20:39:20.518886,841,18,49395,106,0,2,8,17424
20:39:20.519601,841,19,49395,94,12,2,8,15112
20:39:20.524260,842,7,49395,106,0,2,8,3752
20:39:20.524883,842,8,49395,106,0,2,8,17424
20:39:20.525284,842,9,49395,106,0,2,8,17424
20:39:20.529914,842,17,49395,106,0,2,8,3752
20:39:20.530450,842,18,49395,106,0,2,8,17424
20:39:20.531039,842,19,49395,106,0,2,8,17424
20:39:20.535436,843,7,49395,106,0,2,8,3752
20:39:20.536798,843,8,49395,106,0,2,8,17424
20:39:20.537096,843,9,49395,106,0,2,8,17424
20:39:20.541166,843,17,49395,106,0,2,8,3752
20:39:20.541768,843,18,49395,106,0,2,8,17424
20:39:20.542654,843,19,49395,94,12,2,8,15112
20:39:20.546941,844,7,49395,106,0,2,8,3752
20:39:20.547660,844,8,61809,5,0,2,8,808
20:39:20.547661,844,8,49395,101,5,2,8,16392
20:39:20.548227,844,9,49395,106,0,2,8,17424
20:39:20.552549,844,17,49395,106,0,2,8,3752
20:39:20.553319,844,18,49395,106,0,2,8,17424
20:39:20.553843,844,19,49395,106,0,2,8,17424
20:39:20.558308,845,7,49395,106,0,2,8,3752
20:39:20.558996,845,8,49395,106,0,2,8,17424
20:39:20.559535,845,9,49395,106,0,2,8,17424
20:39:20.564258,845,17,49395,106,0,2,8,3752
20:39:20.564949,845,18,49395,106,0,2,8,17424
20:39:20.565428,845,19,49395,94,12,2,8,15112
20:39:20.569745,846,7,49395,106,0,2,8,3752
20:39:20.570434,846,8,49395,106,0,2,8,17424
20:39:20.570966,846,9,49395,106,0,2,8,17424
20:39:20.575497,846,17,49395,106,0,2,8,3752
20:39:20.576166,846,18,49395,106,0,2,8,17424
20:39:20.576738,846,19,49395,106,0,2,8,17424
20:39:20.581287,847,7,49395,106,0,2,8,3752
20:39:20.582080,847,8,49395,106,0,2,8,17424
20:39:20.582598,847,9,49395,106,0,2,8,17424
20:39:20.587030,847,17,49395,44,0,2,8,1608
20:39:20.661786,854,8,61809,5,0,2,8,808
20:39:20.696175,857,8,49395,5,0,2,8,808
20:39:20.775903,864,8,61809,5,0,2,8,736
20:39:20.781008,864,17,61809,5,0,2,8,176
20:39:20.786526,865,7,61809,106,0,2,8,3752
20:39:20.787362,865,8,61809,106,0,2,8,17424
20:39:20.787682,865,9,61809,106,0,2,8,17424
20:39:20.792445,865,17,61809,106,0,2,8,3752
20:39:20.792821,865,18,61809,106,0,2,8,17424
20:39:20.793902,865,19,61809,94,12,2,8,15112
20:39:20.798381,866,7,61809,106,0,2,8,3752
20:39:20.798861,866,8,61809,106,0,2,8,17424
20:39:20.799226,866,9,61809,106,0,2,8,17424
20:39:20.804081,866,17,61809,106,0,2,8,3752
20:39:20.804431,866,18,61809,106,0,2,8,17424
20:39:20.804890,866,19,61809,106,0,2,8,17424
20:39:20.809349,867,7,61809,106,0,2,8,3752
20:39:20.810111,867,8,49395,5,0,2,8,808
20:39:20.810111,867,8,61809,101,5,2,8,16392
20:39:20.810471,867,9,61809,106,0,2,8,17424
20:39:20.815122,867,17,61809,106,0,2,8,3752
20:39:20.815767,867,18,61809,106,0,2,8,17424
20:39:20.816399,867,19,61809,94,12,2,8,15112
20:39:20.821095,868,7,61809,106,0,2,8,3752
20:39:20.821583,868,8,61809,106,0,2,8,17424
20:39:20.822427,868,9,61809,106,0,2,8,17424
20:39:20.827014,868,17,61809,106,0,2,8,3752
20:39:20.827671,868,18,61809,106,0,2,8,17424
20:39:20.828218,868,19,61809,106,0,2,8,17424
20:39:20.833182,869,7,61809,106,0,2,8,3752
20:39:20.833721,869,8,61809,106,0,2,8,17424
20:39:20.834113,869,9,61809,106,0,2,8,17424
20:39:20.838543,869,17,61809,106,0,2,8,3752
20:39:20.839310,869,18,61809,106,0,2,8,17424
20:39:20.839926,869,19,61809,94,12,2,8,15112
20:39:20.844244,870,7,61809,106,0,2,8,3752
20:39:20.844964,870,8,61809,106,0,2,8,17424
20:39:20.845488,870,9,61809,106,0,2,8,17424
20:39:20.850040,870,17,61809,106,0,2,8,3752
20:39:20.851419,870,18,61809,106,0,2,8,17424
20:39:20.851655,870,19,61809,106,0,2,8,17424
20:39:20.855619,871,7,61809,106,0,2,8,3752
20:39:20.856379,871,8,61809,106,0,2,8,17424
20:39:20.856831,871,9,61809,106,0,2,8,17424
20:39:20.861263,871,17,61809,106,0,2,8,3752
20:39:20.861887,871,18,61809,106,0,2,8,17424
20:39:20.862522,871,19,61809,94,12,2,8,15112
20:39:20.867367,872,7,61809,106,0,2,8,3752
20:39:20.867766,872,8,61809,106,0,2,8,15624
20:39:20.868259,872,9,61809,106,0,2,8,15624
20:39:20.872669,872,17,61809,106,0,2,8,3752
20:39:20.873387,872,18,61809,106,0,2,8,17424
20:39:20.873886,872,19,61809,106,0,2,8,17424
20:39:20.878593,873,7,61809,106,0,2,8,3752
20:39:20.879207,873,8,61809,106,0,2,8,17424
20:39:20.879822,873,9,61809,106,0,2,8,17424
20:39:20.884290,873,17,61809,106,0,2,8,3752
20:39:20.884949,873,18,61809,106,0,2,8,17424
20:39:20.885475,873,19,61809,94,12,2,8,15112
20:39:20.890033,874,7,61809,106,0,2,8,3752
20:39:20.890619,874,8,61809,106,0,2,8,17424
20:39:20.891195,874,9,61809,106,0,2,8,17424
20:39:20.895592,874,17,61809,106,0,2,8,3752
20:39:20.896133,874,18,61809,106,0,2,8,17424
20:39:20.896716,874,19,61809,106,0,2,8,17424
20:39:20.901341,875,7,61809,106,0,2,8,3752
20:39:20.901973,875,8,61809,106,0,2,8,17424
20:39:20.902531,875,9,61809,106,0,2,8,17424
20:39:20.907005,875,17,61809,44,0,2,8,1608
20:39:20.924564,877,8,49395,5,0,2,8,808
20:39:21.014656,885,8,61809,5,0,2,8,808
20:39:21.037206,887,8,49395,5,0,2,8,808
20:39:21.128192,895,8,61809,5,0,2,8,808
20:39:21.150874,897,8,49395,5,0,2,8,808
20:39:21.161986,898,7,49395,106,0,2,8,3752
20:39:21.162620,898,8,49395,106,0,2,8,17424
20:39:21.163101,898,9,49395,106,0,2,8,17424
20:39:21.167692,898,17,49395,106,0,2,8,3752
20:39:21.168282,898,18,49395,106,0,2,8,17424
20:39:21.168824,898,19,49395,106,0,2,8,17424
20:39:21.173423,899,7,49395,106,0,2,8,3752
20:39:21.173988,899,8,49395,106,0,2,8,17424
20:39:21.174561,899,9,49395,106,0,2,8,17424
20:39:21.178983,899,17,49395,106,0,2,8,3752
20:39:21.179706,899,18,49395,106,0,2,8,17424
20:39:21.180735,899,19,49395,94,12,2,8,15112
20:39:21.184875,900,7,49395,106,0,2,8,3752
20:39:21.185549,900,8,49395,106,0,2,8,17424
20:39:21.186118,900,9,49395,106,0,2,8,17424
20:39:21.190830,900,17,49395,106,0,2,8,3752
20:39:21.191236,900,18,49395,106,0,2,8,17424
20:39:21.191568,900,19,49395,106,0,2,8,17424
20:39:21.196323,901,7,49395,106,0,2,8,3752
20:39:21.196868,901,8,49395,106,0,2,8,17424
20:39:21.197464,901,9,49395,106,0,2,8,17424
20:39:21.201936,901,17,49395,106,0,2,8,3752
20:39:21.202567,901,18,49395,106,0,2,8,17424
20:39:21.203277,901,19,49395,94,12,2,8,15112
20:39:21.207791,902,7,49395,106,0,2,8,3752
20:39:21.208334,902,8,49395,106,0,2,8,17424
20:39:21.208947,902,9,49395,106,0,2,8,17424
20:39:21.213140,902,17,49395,106,0,2,8,3752
20:39:21.213777,902,18,49395,106,0,2,8,17424
20:39:21.214338,902,19,49395,106,0,2,8,17424
20:39:21.219004,903,7,49395,106,0,2,8,3752
20:39:21.219583,903,8,49395,106,0,2,8,17424
20:39:21.220121,903,9,49395,106,0,2,8,17424
20:39:21.244889,903,17,49395,106,0,2,8,3752
20:39:21.245433,903,18,49395,106,0,2,8,17424
20:39:21.245719,903,19,49395,94,12,2,8,15112
20:39:21.246286,904,7,49395,106,0,2,8,3752
20:39:21.247522,904,8,49395,106,0,2,8,15624
20:39:21.248523,904,9,49395,106,0,2,8,15624
20:39:21.253325,904,17,49395,106,0,2,8,3752
20:39:21.254423,904,18,49395,106,0,2,8,17424
20:39:21.255280,904,19,49395,106,0,2,8,17424
20:39:21.265002,905,7,49395,106,0,2,8,3752
20:39:21.265348,905,8,61809,5,0,2,8,808
20:39:21.265348,905,8,49395,101,5,2,8,16392
20:39:21.265680,905,9,49395,106,0,2,8,17424
20:39:21.266640,905,17,49395,106,0,2,8,3752
20:39:21.267562,905,18,49395,106,0,2,8,17424
20:39:21.268021,905,19,49395,94,12,2,8,15112
20:39:21.272690,906,7,49395,106,0,2,8,3752
20:39:21.273286,906,8,49395,106,0,2,8,17424
20:39:21.273807,906,9,49395,106,0,2,8,17424
20:39:21.278265,906,17,49395,106,0,2,8,3752
20:39:21.279223,906,18,49395,106,0,2,8,17424
20:39:21.279542,906,19,49395,106,0,2,8,17424
20:39:21.284024,907,7,49395,106,0,2,8,3752
20:39:21.284816,907,8,49395,106,0,2,8,17424
20:39:21.285490,907,9,49395,106,0,2,8,17424
20:39:21.301507,907,17,49395,106,0,2,8,3752
20:39:21.301725,907,18,49395,106,0,2,8,17424
20:39:21.302062,907,19,49395,94,12,2,8,15112
20:39:21.305757,908,7,49395,106,0,2,8,3752
20:39:21.306472,908,8,49395,106,0,2,8,17424
20:39:21.307365,908,9,49395,106,0,2,8,17424
20:39:21.311551,908,17,49395,44,0,2,8,1608
20:39:21.387498,915,8,61809,5,0,2,8,808
20:39:21.421705,918,8,49395,5,0,2,8,808
20:39:21.500493,925,8,61809,5,0,2,8,808
20:39:21.511656,926,7,61809,106,0,2,8,3752
20:39:21.512214,926,8,61809,106,0,2,8,17424
20:39:21.512684,926,9,61809,106,0,2,8,17424
20:39:21.517266,926,17,61809,106,0,2,8,3752
20:39:21.517952,926,18,61809,106,0,2,8,17424
20:39:21.518385,926,19,61809,106,0,2,8,17424
20:39:21.522795,927,7,61809,106,0,2,8,3752
20:39:21.523474,927,8,61809,106,0,2,8,17424
20:39:21.524054,927,9,61809,106,0,2,8,17424
20:39:21.528275,927,17,61809,106,0,2,8,3752
20:39:21.529030,927,18,61809,106,0,2,8,17424
20:39:21.529645,927,19,61809,94,12,2,8,15112
20:39:21.534027,928,7,61809,106,0,2,8,3752
20:39:21.534787,928,8,49395,5,0,2,8,736
20:39:21.534788,928,8,61809,101,5,2,8,14856
20:39:21.535376,928,9,61809,106,0,2,8,15624
20:39:21.539542,928,17,61809,106,0,2,8,3752
20:39:21.540266,928,18,61809,106,0,2,8,17424
20:39:21.540743,928,19,61809,106,0,2,8,17424
20:39:21.545358,929,7,61809,106,0,2,8,3752
20:39:21.546023,929,8,61809,106,0,2,8,17424
20:39:21.546690,929,9,61809,106,0,2,8,17424
20:39:21.550882,929,17,61809,106,0,2,8,3752
20:39:21.551612,929,18,61809,106,0,2,8,17424
20:39:21.552256,929,19,61809,94,12,2,8,15112
20:39:21.556838,930,7,61809,106,0,2,8,3752
20:39:21.557453,930,8,61809,106,0,2,8,17424
20:39:21.557976,930,9,61809,106,0,2,8,17424
20:39:21.562315,930,17,61809,106,0,2,8,3752
20:39:21.563034,930,18,61809,106,0,2,8,17424
20:39:21.563479,930,19,61809,106,0,2,8,17424
20:39:21.567974,931,7,61809,106,0,2,8,3752
20:39:21.568717,931,8,61809,106,0,2,8,17424
20:39:21.569435,931,9,61809,106,0,2,8,17424
20:39:21.573720,931,17,61809,106,0,2,8,3752
20:39:21.574289,931,18,61809,106,0,2,8,17424
20:39:21.574923,931,19,61809,94,12,2,8,15112
20:39:21.579404,932,7,61809,106,0,2,8,3752
20:39:21.580112,932,8,61809,106,0,2,8,17424
20:39:21.580582,932,9,61809,106,0,2,8,17424
20:39:21.585273,932,17,61809,106,0,2,8,3752
20:39:21.585895,932,18,61809,106,0,2,8,17424
20:39:21.586446,932,19,61809,106,0,2,8,17424
20:39:21.591020,933,7,61809,106,0,2,8,3752
20:39:21.591605,933,8,61809,106,0,2,8,17424
20:39:21.592126,933,9,61809,106,0,2,8,17424
20:39:21.596599,933,17,61809,106,0,2,8,3752
20:39:21.597703,933,18,61809,106,0,2,8,17424
20:39:21.598349,933,19,61809,94,12,2,8,15112
20:39:21.602714,934,7,61809,106,0,2,8,3752
20:39:21.603180,934,8,61809,106,0,2,8,17424
20:39:21.603842,934,9,61809,106,0,2,8,17424
20:39:21.607924,934,17,61809,106,0,2,8,3752
20:39:21.608563,934,18,61809,106,0,2,8,17424
20:39:21.609149,934,19,61809,106,0,2,8,17424
20:39:21.613535,935,7,61809,106,0,2,8,3752
20:39:21.614204,935,8,61809,106,0,2,8,17424
20:39:21.614867,935,9,61809,106,0,2,8,17424
20:39:21.619217,935,17,61809,106,0,2,8,3752
20:39:21.619864,935,18,61809,106,0,2,8,17424
20:39:21.620493,935,19,61809,94,12,2,8,15112
20:39:21.624761,936,7,61809,106,0,2,8,3752
20:39:21.625511,936,8,61809,106,0,2,8,15624
20:39:21.625923,936,9,61809,106,0,2,8,15624
20:39:21.630306,936,17,61809,33,0,2,8,1160
20:39:21.647898,938,8,49395,5,0,2,8,808
20:39:21.738018,946,8,61809,5,0,2,8,808
20:39:21.760434,948,8,49395,5,0,2,8,808
20:39:21.771214,949,7,49395,106,0,2,8,3752
20:39:21.771979,949,8,49395,106,0,2,8,17424
20:39:21.772428,949,9,49395,106,0,2,8,17424
20:39:21.776844,949,17,49395,106,0,2,8,3752
20:39:21.777580,949,18,49395,106,0,2,8,17424
20:39:21.778128,949,19,49395,94,12,2,8,15112
20:39:21.782572,950,7,49395,106,0,2,8,3752
20:39:21.783335,950,8,49395,106,0,2,8,17424
20:39:21.783812,950,9,49395,106,0,2,8,17424
20:39:21.788280,950,17,49395,106,0,2,8,3752
20:39:21.788993,950,18,49395,106,0,2,8,17424
20:39:21.789699,950,19,49395,106,0,2,8,17424
20:39:21.794121,951,7,49395,106,0,2,8,3752
20:39:21.794810,951,8,49395,106,0,2,8,17424
20:39:21.795422,951,9,49395,106,0,2,8,17424
20:39:21.799861,951,17,49395,106,0,2,8,3752
20:39:21.800626,951,18,49395,106,0,2,8,17424
20:39:21.801099,951,19,49395,94,12,2,8,15112
20:39:21.805425,952,7,49395,106,0,2,8,3752
20:39:21.806171,952,8,49395,106,0,2,8,15624
20:39:21.806902,952,9,49395,106,0,2,8,15624
20:39:21.811304,952,17,49395,106,0,2,8,3752
20:39:21.812058,952,18,49395,106,0,2,8,17424
20:39:21.812463,952,19,49395,106,0,2,8,17424
20:39:21.816932,953,7,49395,106,0,2,8,3752
20:39:21.817629,953,8,49395,106,0,2,8,17424
20:39:21.818429,953,9,49395,106,0,2,8,17424
20:39:21.822694,953,17,49395,106,0,2,8,3752
20:39:21.823284,953,18,49395,106,0,2,8,17424
20:39:21.823837,953,19,49395,94,12,2,8,15112
20:39:21.828151,954,7,49395,106,0,2,8,3752
20:39:21.828958,954,8,49395,106,0,2,8,17424
20:39:21.829399,954,9,49395,106,0,2,8,17424
20:39:21.833794,954,17,49395,106,0,2,8,3752
20:39:21.834452,954,18,49395,106,0,2,8,17424
20:39:21.835243,954,19,49395,106,0,2,8,17424
20:39:21.839688,955,7,49395,106,0,2,8,3752
20:39:21.840306,955,8,49395,106,0,2,8,17424
20:39:21.840866,955,9,49395,106,0,2,8,17424
20:39:21.845270,955,17,49395,106,0,2,8,3752
20:39:21.845795,955,18,49395,106,0,2,8,17424
20:39:21.846517,955,19,49395,94,12,2,8,15112
20:39:21.851010,956,7,49395,106,0,2,8,3752
20:39:21.851684,956,8,61809,5,0,2,8,808
20:39:21.851685,956,8,49395,101,5,2,8,16392
20:39:21.851974,956,9,49395,106,0,2,8,17424
20:39:21.856444,956,17,49395,106,0,2,8,3752
20:39:21.857105,956,18,49395,106,0,2,8,17424
20:39:21.857806,956,19,49395,106,0,2,8,17424
20:39:21.861931,957,7,49395,106,0,2,8,3752
20:39:21.862650,957,8,49395,106,0,2,8,17424
20:39:21.863141,957,9,49395,106,0,2,8,17424
20:39:21.867683,957,17,49395,106,0,2,8,3752
20:39:21.868221,957,18,49395,106,0,2,8,17424
20:39:21.868907,957,19,49395,94,12,2,8,15112
20:39:21.873364,958,7,49395,106,0,2,8,3752
20:39:21.873933,958,8,49395,106,0,2,8,17424
20:39:21.874415,958,9,49395,106,0,2,8,17424
20:39:21.878825,958,17,49395,106,0,2,8,3752
20:39:21.879515,958,18,49395,106,0,2,8,17424
20:39:21.880113,958,19,49395,106,0,2,8,17424
20:39:21.884713,959,7,49395,106,0,2,8,3752
20:39:21.885421,959,8,49395,106,0,2,8,17424
20:39:21.885794,959,9,49395,106,0,2,8,17424
20:39:21.890176,959,17,49395,44,0,2,8,1608
20:39:21.963890,966,8,61809,5,0,2,8,808
20:39:21.997315,969,8,49395,5,0,2,8,808
20:39:22.075569,976,8,61809,5,0,2,8,736
20:39:22.109149,979,8,49395,5,0,2,8,808
20:39:22.187219,986,8,61809,5,0,2,8,808
20:39:22.197947,987,7,61809,106,0,2,8,3752
20:39:22.198590,987,8,61809,106,0,2,8,17424
20:39:22.199119,987,9,61809,106,0,2,8,17424
20:39:22.203512,987,17,61809,106,0,2,8,3752
20:39:22.204138,987,18,61809,106,0,2,8,17424
20:39:22.204837,987,19,61809,94,12,2,8,15112
20:39:22.209164,988,7,61809,106,0,2,8,3752
20:39:22.209839,988,8,61809,106,0,2,8,17424
20:39:22.210367,988,9,61809,106,0,2,8,17424
20:39:22.214690,988,17,61809,106,0,2,8,3752
20:39:22.215567,988,18,61809,106,0,2,8,17424
20:39:22.216056,988,19,61809,106,0,2,8,17424
20:39:22.220408,989,7,61809,106,0,2,8,3752
20:39:22.221084,989,8,49395,5,0,2,8,808
20:39:22.221084,989,8,61809,101,5,2,8,16392
20:39:22.221624,989,9,61809,106,0,2,8,17424
20:39:22.226391,989,17,61809,106,0,2,8,3752
20:39:22.226636,989,18,61809,106,0,2,8,17424
20:39:22.227423,989,19,61809,94,12,2,8,15112
20:39:22.231744,990,7,61809,106,0,2,8,3752
20:39:22.232518,990,8,61809,106,0,2,8,17424
20:39:22.233058,990,9,61809,106,0,2,8,17424
20:39:22.237448,990,17,61809,106,0,2,8,3752
20:39:22.238330,990,18,61809,106,0,2,8,17424
20:39:22.238619,990,19,61809,106,0,2,8,17424
20:39:22.243024,991,7,61809,106,0,2,8,3752
20:39:22.243719,991,8,61809,106,0,2,8,17424
20:39:22.244368,991,9,61809,106,0,2,8,17424
20:39:22.248667,991,17,61809,106,0,2,8,3752
20:39:22.249618,991,18,61809,106,0,2,8,17424
20:39:22.250065,991,19,61809,94,12,2,8,15112
20:39:22.254307,992,7,61809,106,0,2,8,3752
20:39:22.255013,992,8,61809,106,0,2,8,15624
20:39:22.255503,992,9,61809,106,0,2,8,15624
20:39:22.259926,992,17,61809,106,0,2,8,3752
20:39:22.260519,992,18,61809,106,0,2,8,17424
20:39:22.261153,992,19,61809,106,0,2,8,17424
20:39:22.265512,993,7,61809,106,0,2,8,3752
20:39:22.266441,993,8,61809,106,0,2,8,17424
20:39:22.266674,993,9,61809,106,0,2,8,17424
20:39:22.271316,993,17,61809,106,0,2,8,3752
20:39:22.271903,993,18,61809,106,0,2,8,17424
20:39:22.272532,993,19,61809,94,12,2,8,15112
20:39:22.276893,994,7,61809,106,0,2,8,3752
20:39:22.277419,994,8,61809,106,0,2,8,17424
20:39:22.277976,994,9,61809,106,0,2,8,17424
20:39:22.282293,994,17,61809,106,0,2,8,3752
20:39:22.283036,994,18,61809,106,0,2,8,17424
20:39:22.283467,994,19,61809,106,0,2,8,17424
20:39:22.287901,995,7,61809,106,0,2,8,3752
20:39:22.288778,995,8,61809,106,0,2,8,17424
20:39:22.289243,995,9,61809,106,0,2,8,17424
20:39:22.293627,995,17,61809,106,0,2,8,3752
20:39:22.294235,995,18,61809,106,0,2,8,17424
20:39:22.294851,995,19,61809,94,12,2,8,15112
20:39:22.299195,996,7,61809,106,0,2,8,3752
20:39:22.299796,996,8,61809,106,0,2,8,17424
20:39:22.300381,996,9,61809,106,0,2,8,17424
20:39:22.304817,996,17,61809,106,0,2,8,3752
20:39:22.305775,996,18,61809,106,0,2,8,17424
20:39:22.306060,996,19,61809,106,0,2,8,17424
20:39:22.310523,997,7,61809,106,0,2,8,3752
20:39:22.311071,997,8,61809,106,0,2,8,17424
20:39:22.311568,997,9,61809,106,0,2,8,17424
20:39:22.316273,997,17,61809,44,0,2,8,1608
20:39:22.333745,999,8,49395,5,0,2,8,808
20:39:22.423704,1007,8,61809,5,0,2,8,808
20:39:22.447005,1009,8,49395,5,0,2,8,808
20:39:22.457811,1010,7,49395,106,0,2,8,3752
20:39:22.458478,1010,8,49395,106,0,2,8,17424
20:39:22.459022,1010,9,49395,106,0,2,8,17424
20:39:22.463612,1010,17,49395,106,0,2,8,3752
20:39:22.464353,1010,18,49395,106,0,2,8,17424
20:39:22.464805,1010,19,49395,106,0,2,8,17424
20:39:22.469337,1011,7,49395,106,0,2,8,3752
20:39:22.470285,1011,8,49395,106,0,2,8,17424
20:39:22.470588,1011,9,49395,106,0,2,8,17424
20:39:22.475166,1011,17,49395,106,0,2,8,3752
20:39:22.475826,1011,18,49395,106,0,2,8,17424
20:39:22.476509,1011,19,49395,94,12,2,8,15112
20:39:22.481015,1012,7,49395,106,0,2,8,3752
20:39:22.481573,1012,8,49395,106,0,2,8,17424
20:39:22.482053,1012,9,49395,106,0,2,8,17424
20:39:22.486481,1012,17,49395,106,0,2,8,3752
20:39:22.487166,1012,18,49395,106,0,2,8,17424
20:39:22.487674,1012,19,49395,106,0,2,8,17424
20:39:22.492070,1013,7,49395,106,0,2,8,3752
20:39:22.492861,1013,8,49395,106,0,2,8,17424
20:39:22.493493,1013,9,49395,106,0,2,8,17424
20:39:22.497810,1013,17,49395,106,0,2,8,3752
20:39:22.498646,1013,18,49395,106,0,2,8,17424
20:39:22.499333,1013,19,49395,94,12,2,8,15112
20:39:22.503563,1014,7,49395,106,0,2,8,3752
20:39:22.504194,1014,8,49395,106,0,2,8,17424
20:39:22.504793,1014,9,49395,106,0,2,8,17424
20:39:22.509257,1014,17,49395,106,0,2,8,3752
20:39:22.509989,1014,18,49395,106,0,2,8,17424
20:39:22.510485,1014,19,49395,106,0,2,8,17424
20:39:22.515003,1015,7,49395,106,0,2,8,3752
20:39:22.515623,1015,8,49395,106,0,2,8,17424
20:39:22.516647,1015,9,49395,106,0,2,8,17424
20:39:22.520829,1015,17,49395,106,0,2,8,3752
20:39:22.521484,1015,18,49395,106,0,2,8,17424
20:39:22.522178,1015,19,49395,94,12,2,8,15112
20:39:22.526592,1016,7,49395,106,0,2,8,3752
20:39:22.527320,1016,8,49395,106,0,2,8,15624
20:39:22.527816,1016,9,49395,106,0,2,8,15624
20:39:22.532335,1016,17,49395,106,0,2,8,3752
20:39:22.533105,1016,18,49395,106,0,2,8,17424
20:39:22.533514,1016,19,49395,106,0,2,8,17424
20:39:22.537907,1017,7,49395,106,0,2,8,3752
20:39:22.538698,1017,8,61809,5,0,2,8,808
20:39:22.538698,1017,8,49395,101,5,2,8,16392
20:39:22.539267,1017,9,49395,106,0,2,8,17424
20:39:22.543763,1017,17,49395,106,0,2,8,3752
20:39:22.544352,1017,18,49395,106,0,2,8,17424
20:39:22.545072,1017,19,49395,94,12,2,8,15112
20:39:22.549248,1018,7,49395,106,0,2,8,3752
20:39:22.550038,1018,8,49395,106,0,2,8,17424
20:39:22.550487,1018,9,49395,106,0,2,8,17424
20:39:22.554874,1018,17,49395,106,0,2,8,3752
20:39:22.555647,1018,18,49395,106,0,2,8,17424
20:39:22.556182,1018,19,49395,106,0,2,8,17424
20:39:22.560448,1019,7,49395,106,0,2,8,3752
20:39:22.561251,1019,8,49395,106,0,2,8,17424
20:39:22.561898,1019,9,49395,106,0,2,8,17424
20:39:22.566085,1019,17,49395,106,0,2,8,3752
20:39:22.566760,1019,18,49395,106,0,2,8,17424
20:39:22.567353,1019,19,49395,94,12,2,8,15112
20:39:22.571835,1020,7,49395,106,0,2,8,3752
20:39:22.572313,1020,8,49395,106,0,2,8,17424
20:39:22.573089,1020,9,49395,106,0,2,8,17424
20:39:22.577228,1020,17,49395,44,0,2,8,1608
20:39:22.651767,3,8,61809,5,0,2,8,808
20:39:22.685788,6,8,49395,5,0,2,8,808
20:39:22.764792,13,8,61809,5,0,2,8,808
20:39:22.798525,16,8,49395,5,0,2,8,736
20:39:22.843284,20,7,61809,5,0,2,8,176
20:39:22.854755,21,7,61809,106,0,2,8,3752
20:39:22.855474,21,8,61809,106,0,2,8,17424
20:39:22.855907,21,9,61809,106,0,2,8,17424
20:39:22.860407,21,17,61809,106,0,2,8,3752
20:39:22.861098,21,18,61809,106,0,2,8,17424
20:39:22.861623,21,19,61809,94,12,2,8,15112
20:39:22.866150,22,7,61809,106,0,2,8,3752
20:39:22.866880,22,8,61809,106,0,2,8,17424
20:39:22.867401,22,9,61809,106,0,2,8,17424
20:39:22.871937,22,17,61809,106,0,2,8,3752
20:39:22.872328,22,18,61809,106,0,2,8,17424
20:39:22.872996,22,19,61809,106,0,2,8,17424
20:39:22.877410,23,7,61809,106,0,2,8,3752
20:39:22.878112,23,8,61809,106,0,2,8,17424
20:39:22.878632,23,9,61809,106,0,2,8,17424
20:39:22.883340,23,17,61809,106,0,2,8,3752
20:39:22.883684,23,18,61809,106,0,2,8,17424
20:39:22.884288,23,19,61809,94,12,2,8,15112
20:39:22.888687,24,7,61809,106,0,2,8,3752
20:39:22.889345,24,8,61809,106,0,2,8,15624
20:39:22.889917,24,9,61809,106,0,2,8,15624
20:39:22.894220,24,17,61809,106,0,2,8,3752
20:39:22.894959,24,18,61809,106,0,2,8,17424
20:39:22.895660,24,19,61809,106,0,2,8,17424
20:39:22.900192,25,7,61809,106,0,2,8,3752
20:39:22.900864,25,8,61809,106,0,2,8,17424
20:39:22.901499,25,9,61809,106,0,2,8,17424
20:39:22.905943,25,17,61809,106,0,2,8,3752
20:39:22.906658,25,18,61809,106,0,2,8,17424
20:39:22.907220,25,19,61809,94,12,2,8,15112
20:39:22.911464,26,7,61809,106,0,2,8,3752
20:39:22.912283,26,8,49395,5,0,2,8,808
20:39:22.912284,26,8,61809,101,5,2,8,16392
20:39:22.912890,26,9,61809,106,0,2,8,17424
20:39:22.917236,26,17,61809,106,0,2,8,3752
20:39:22.917713,26,18,61809,106,0,2,8,17424
20:39:22.918217,26,19,61809,106,0,2,8,17424
20:39:22.922743,27,7,61809,106,0,2,8,3752
20:39:22.923473,27,8,61809,106,0,2,8,17424
20:39:22.924130,27,9,61809,106,0,2,8,17424
20:39:22.928242,27,17,61809,106,0,2,8,3752
20:39:22.929019,27,18,61809,106,0,2,8,17424
20:39:22.929813,27,19,61809,94,12,2,8,15112
20:39:22.934012,28,7,61809,106,0,2,8,3752
20:39:22.934649,28,8,61809,106,0,2,8,17424
20:39:22.935301,28,9,61809,106,0,2,8,17424
20:39:22.939490,28,17,61809,106,0,2,8,3752
20:39:22.940253,28,18,61809,106,0,2,8,17424
20:39:22.940985,28,19,61809,106,0,2,8,17424
20:39:22.945395,29,7,61809,106,0,2,8,3752
20:39:22.946032,29,8,61809,106,0,2,8,17424
20:39:22.946392,29,9,61809,106,0,2,8,17424
20:39:22.951123,29,17,61809,106,0,2,8,3752
20:39:22.951747,29,18,61809,106,0,2,8,17424
20:39:22.952487,29,19,61809,94,12,2,8,15112
20:39:22.956714,30,7,61809,106,0,2,8,3752
20:39:22.957368,30,8,61809,106,0,2,8,17424
20:39:22.957836,30,9,61809,106,0,2,8,17424
20:39:22.962610,30,17,61809,106,0,2,8,3752
20:39:22.963082,30,18,61809,106,0,2,8,17424
20:39:22.963551,30,19,61809,106,0,2,8,17424
20:39:22.968053,31,7,61809,106,0,2,8,3752
20:39:22.968663,31,8,61809,106,0,2,8,17424
20:39:22.969293,31,9,61809,106,0,2,8,17424
20:39:22.973541,31,17,61809,86,0,2,8,3104
20:39:23.024943,36,8,49395,5,0,2,8,808
20:39:23.081079,41,8,61809,5,0,2,8,808
20:39:23.137129,46,8,49395,5,0,2,8,808
20:39:23.193872,51,8,61809,5,0,2,8,808
20:39:23.250003,56,8,49395,5,0,2,8,736
20:39:23.260702,57,7,49395,106,0,2,8,3752
20:39:23.261350,57,8,49395,106,0,2,8,17424
20:39:23.261901,57,9,49395,106,0,2,8,17424
20:39:23.266182,57,17,49395,106,0,2,8,3752
20:39:23.267101,57,18,49395,106,0,2,8,17424
20:39:23.267923,57,19,49395,94,12,2,8,15112
20:39:23.272105,58,7,49395,106,0,2,8,3752
20:39:23.272998,58,8,49395,106,0,2,8,17424
20:39:23.273457,58,9,49395,106,0,2,8,17424
20:39:23.278296,58,17,49395,106,0,2,8,3752
20:39:23.278785,58,18,49395,106,0,2,8,17424
20:39:23.279287,58,19,49395,106,0,2,8,17424
20:39:23.283508,59,7,49395,106,0,2,8,3752
20:39:23.284216,59,8,49395,106,0,2,8,17424
20:39:23.285012,59,9,49395,106,0,2,8,17424
20:39:23.289145,59,17,49395,106,0,2,8,3752
20:39:23.289847,59,18,49395,106,0,2,8,17424
20:39:23.290474,59,19,49395,94,12,2,8,15112
20:39:23.294698,60,7,49395,106,0,2,8,3752
20:39:23.295404,60,8,49395,106,0,2,8,17424
20:39:23.296007,60,9,49395,106,0,2,8,17424
20:39:23.300674,60,17,49395,106,0,2,8,3752
20:39:23.301155,60,18,49395,106,0,2,8,17424
20:39:23.302131,60,19,49395,106,0,2,8,17424
20:39:23.306294,61,7,49395,106,0,2,8,3752
20:39:23.307242,61,8,61809,5,0,2,8,808
20:39:23.307242,61,8,49395,101,5,2,8,16392
20:39:23.307541,61,9,49395,106,0,2,8,17424
20:39:23.312129,61,17,49395,106,0,2,8,3752
20:39:23.312734,61,18,49395,106,0,2,8,17424
20:39:23.313687,61,19,49395,94,12,2,8,15112
20:39:23.317879,62,7,49395,106,0,2,8,3752
20:39:23.318667,62,8,49395,106,0,2,8,17424
20:39:23.319077,62,9,49395,106,0,2,8,17424
20:39:23.323474,62,17,49395,106,0,2,8,3752
20:39:23.324282,62,18,49395,106,0,2,8,17424
20:39:23.324791,62,19,49395,106,0,2,8,17424
20:39:23.339369,63,7,49395,106,0,2,8,3752
20:39:23.340056,63,8,49395,106,0,2,8,17424
20:39:23.340672,63,9,49395,106,0,2,8,17424
20:39:23.345111,63,17,49395,106,0,2,8,3752
20:39:23.345709,63,18,49395,106,0,2,8,17424
20:39:23.346475,63,19,49395,94,12,2,8,15112
20:39:23.350858,64,7,49395,106,0,2,8,3752
20:39:23.351573,64,8,49395,106,0,2,8,15624
20:39:23.352457,64,9,49395,106,0,2,8,15624
20:39:23.356467,64,17,49395,106,0,2,8,3752
20:39:23.357176,64,18,49395,106,0,2,8,17424
20:39:23.357843,64,19,49395,106,0,2,8,17424
20:39:23.362339,65,7,49395,106,0,2,8,3752
20:39:23.362904,65,8,49395,106,0,2,8,17424
20:39:23.363466,65,9,49395,106,0,2,8,17424
20:39:23.367820,65,17,49395,106,0,2,8,3752
20:39:23.368532,65,18,49395,106,0,2,8,17424
20:39:23.369125,65,19,49395,94,12,2,8,15112
20:39:23.373569,66,7,49395,106,0,2,8,3752
20:39:23.374493,66,8,49395,106,0,2,8,17424
20:39:23.375105,66,9,49395,106,0,2,8,17424
20:39:23.379476,66,17,49395,106,0,2,8,3752
20:39:23.380067,66,18,49395,106,0,2,8,17424
20:39:23.380638,66,19,49395,106,0,2,8,17424
20:39:23.385116,67,7,49395,106,0,2,8,3752
20:39:23.385822,67,8,49395,106,0,2,8,17424
20:39:23.386459,67,9,49395,106,0,2,8,17424
20:39:23.390944,67,17,49395,44,0,2,8,1608
20:39:23.431167,71,8,61809,5,0,2,8,808
20:39:23.499523,77,8,49395,5,0,2,8,808
20:39:23.546004,81,8,61809,5,0,2,8,808
20:39:23.556778,82,7,61809,106,0,2,8,3752
20:39:23.557416,82,8,61809,106,0,2,8,17424
20:39:23.557872,82,9,61809,106,0,2,8,17424
20:39:23.562406,82,17,61809,106,0,2,8,3752
20:39:23.563244,82,18,61809,106,0,2,8,17424
20:39:23.563780,82,19,61809,106,0,2,8,17424
20:39:23.568357,83,7,61809,106,0,2,8,3752
20:39:23.568924,83,8,61809,106,0,2,8,17424
20:39:23.569406,83,9,61809,106,0,2,8,17424
20:39:23.573942,83,17,61809,106,0,2,8,3752
20:39:23.574575,83,18,61809,106,0,2,8,17424
20:39:23.575282,83,19,61809,94,12,2,8,15112
20:39:23.579583,84,7,61809,106,0,2,8,3752
20:39:23.580238,84,8,61809,106,0,2,8,17424
20:39:23.580840,84,9,61809,106,0,2,8,17424
20:39:23.585318,84,17,61809,106,0,2,8,3752
20:39:23.586071,84,18,61809,106,0,2,8,17424
20:39:23.586546,84,19,61809,106,0,2,8,17424
20:39:23.591119,85,7,61809,106,0,2,8,3752
20:39:23.591754,85,8,61809,106,0,2,8,17424
20:39:23.592323,85,9,61809,106,0,2,8,17424
20:39:23.596941,85,17,61809,106,0,2,8,3752
20:39:23.597554,85,18,61809,106,0,2,8,17424
20:39:23.598372,85,19,61809,94,12,2,8,15112
20:39:23.602709,86,7,61809,106,0,2,8,3752
20:39:23.603353,86,8,61809,106,0,2,8,17424
20:39:23.603893,86,9,61809,106,0,2,8,17424
20:39:23.608445,86,17,61809,106,0,2,8,3752
20:39:23.609068,86,18,61809,106,0,2,8,17424
20:39:23.609666,86,19,61809,106,0,2,8,17424
20:39:23.614195,87,7,61809,106,0,2,8,3752
20:39:23.614815,87,8,49395,5,0,2,8,808
20:39:23.614816,87,8,61809,101,5,2,8,16392
20:39:23.615342,87,9,61809,106,0,2,8,17424
20:39:23.619731,87,17,61809,106,0,2,8,3752
20:39:23.620724,87,18,61809,106,0,2,8,17424
20:39:23.621341,87,19,61809,94,12,2,8,15112
20:39:23.625598,88,7,61809,106,0,2,8,3752
20:39:23.626278,88,8,61809,106,0,2,8,15624
20:39:23.627040,88,9,61809,106,0,2,8,15624
20:39:23.631274,88,17,61809,106,0,2,8,3752
20:39:23.631879,88,18,61809,106,0,2,8,17424
20:39:23.632450,88,19,61809,106,0,2,8,17424
20:39:23.637068,89,7,61809,106,0,2,8,3752
20:39:23.637810,89,8,61809,106,0,2,8,17424
20:39:23.638337,89,9,61809,106,0,2,8,17424
20:39:23.642828,89,17,61809,106,0,2,8,3752
20:39:23.643473,89,18,61809,106,0,2,8,17424
20:39:23.644207,89,19,61809,94,12,2,8,15112
20:39:23.648646,90,7,61809,106,0,2,8,3752
20:39:23.649273,90,8,61809,106,0,2,8,17424
20:39:23.649793,90,9,61809,106,0,2,8,17424
20:39:23.654588,90,17,61809,106,0,2,8,3752
20:39:23.655037,90,18,61809,106,0,2,8,17424
20:39:23.655604,90,19,61809,106,0,2,8,17424
20:39:23.659976,91,7,61809,106,0,2,8,3752
20:39:23.660667,91,8,61809,106,0,2,8,17424
20:39:23.661239,91,9,61809,106,0,2,8,17424
20:39:23.665811,91,17,61809,106,0,2,8,3752
20:39:23.666659,91,18,61809,106,0,2,8,17424
20:39:23.667112,91,19,61809,94,12,2,8,15112
20:39:23.671604,92,7,61809,106,0,2,8,3752
20:39:23.671982,92,8,61809,106,0,2,8,17424
20:39:23.672533,92,9,61809,106,0,2,8,17424
20:39:23.676976,92,17,61809,44,0,2,8,1608
20:39:23.729479,97,8,49395,5,0,2,8,808
20:39:23.786832,102,8,61809,5,0,2,8,808
20:39:23.844436,107,8,49395,5,0,2,8,808
20:39:23.901873,112,8,61809,5,0,2,8,736
20:39:23.971218,117,8,49395,5,0,2,8,808
20:39:23.982286,118,7,49395,106,0,2,8,3752
20:39:23.982945,118,8,49395,106,0,2,8,17424
20:39:23.983460,118,9,49395,106,0,2,8,17424
20:39:23.987838,118,17,49395,106,0,2,8,3752
20:39:23.988574,118,18,49395,106,0,2,8,17424
20:39:23.989065,118,19,49395,106,0,2,8,17424
20:39:23.993856,119,7,49395,106,0,2,8,3752
20:39:23.994489,119,8,49395,106,0,2,8,17424
20:39:23.995204,119,9,49395,106,0,2,8,17424
20:39:23.999641,119,17,49395,106,0,2,8,3752
20:39:24.000225,119,18,49395,106,0,2,8,17424
20:39:24.001021,119,19,49395,94,12,2,8,15112
20:39:24.005453,120,7,49395,106,0,2,8,3752
20:39:24.006061,120,8,49395,106,0,2,8,15624
20:39:24.006485,120,9,49395,106,0,2,8,15624
20:39:24.011037,120,17,49395,106,0,2,8,3752
20:39:24.011842,120,18,49395,106,0,2,8,17424
20:39:24.012298,120,19,49395,106,0,2,8,17424
20:39:24.016664,121,7,49395,106,0,2,8,3752
20:39:24.017255,121,8,49395,106,0,2,8,17424
20:39:24.017747,121,9,49395,106,0,2,8,17424
20:39:24.022499,121,17,49395,106,0,2,8,3752
20:39:24.023125,121,18,49395,106,0,2,8,17424
20:39:24.023774,121,19,49395,94,12,2,8,15112
20:39:24.027989,122,7,49395,106,0,2,8,3752
20:39:24.028868,122,8,61809,5,0,2,8,808
20:39:24.028868,122,8,49395,101,5,2,8,16392
20:39:24.029281,122,9,49395,106,0,2,8,17424
20:39:24.033780,122,17,49395,106,0,2,8,3752
20:39:24.034232,122,18,49395,106,0,2,8,17424
20:39:24.035048,122,19,49395,106,0,2,8,17424
20:39:24.039587,123,7,49395,106,0,2,8,3752
20:39:24.039946,123,8,49395,106,0,2,8,17424
20:39:24.040485,123,9,49395,106,0,2,8,17424
20:39:24.045062,123,17,49395,106,0,2,8,3752
20:39:24.045694,123,18,49395,106,0,2,8,17424
20:39:24.046153,123,19,49395,94,12,2,8,15112
20:39:24.050998,124,7,49395,106,0,2,8,3752
20:39:24.051292,124,8,49395,106,0,2,8,17424
20:39:24.051770,124,9,49395,106,0,2,8,17424
20:39:24.056353,124,17,49395,106,0,2,8,3752
20:39:24.056857,124,18,49395,106,0,2,8,17424
20:39:24.057314,124,19,49395,106,0,2,8,17424
20:39:24.061762,125,7,49395,106,0,2,8,3752
20:39:24.062398,125,8,49395,106,0,2,8,17424
20:39:24.062896,125,9,49395,106,0,2,8,17424
20:39:24.067288,125,17,49395,106,0,2,8,3752
20:39:24.068216,125,18,49395,106,0,2,8,17424
20:39:24.068664,125,19,49395,94,12,2,8,15112
20:39:24.072915,126,7,49395,106,0,2,8,3752
20:39:24.073590,126,8,49395,106,0,2,8,17424
20:39:24.074081,126,9,49395,106,0,2,8,17424
20:39:24.078510,126,17,49395,106,0,2,8,3752
20:39:24.079204,126,18,49395,106,0,2,8,17424
20:39:24.079773,126,19,49395,106,0,2,8,17424
20:39:24.084189,127,7,49395,106,0,2,8,3752
20:39:24.084714,127,8,49395,106,0,2,8,17424
20:39:24.085177,127,9,49395,106,0,2,8,17424
20:39:24.089535,127,17,49395,106,0,2,8,3752
20:39:24.090244,127,18,49395,106,0,2,8,17424
20:39:24.090978,127,19,49395,94,12,2,8,15112
20:39:24.095259,128,7,49395,106,0,2,8,3752
20:39:24.095950,128,8,49395,106,0,2,8,15624
20:39:24.096540,128,9,49395,106,0,2,8,15624
20:39:24.101280,128,17,49395,44,0,2,8,1608
20:39:24.140944,132,8,61809,5,0,2,8,808
20:39:24.208734,138,8,49395,5,0,2,8,808
20:39:24.254087,142,8,61809,5,0,2,8,808
20:39:24.264891,143,7,61809,106,0,2,8,3752
20:39:24.265452,143,8,61809,106,0,2,8,17424
20:39:24.265935,143,9,61809,106,0,2,8,17424
20:39:24.270399,143,17,61809,106,0,2,8,3752
20:39:24.271201,143,18,61809,106,0,2,8,17424
20:39:24.271726,143,19,61809,94,12,2,8,15112
20:39:24.276288,144,7,61809,106,0,2,8,3752
20:39:24.276770,144,8,61809,106,0,2,8,15624
20:39:24.277540,144,9,61809,106,0,2,8,15624
20:39:24.281781,144,17,61809,106,0,2,8,3752
20:39:24.282351,144,18,61809,106,0,2,8,17424
20:39:24.283429,144,19,61809,106,0,2,8,17424
20:39:24.287584,145,7,61809,106,0,2,8,3752
20:39:24.288158,145,8,61809,106,0,2,8,17424
20:39:24.288689,145,9,61809,106,0,2,8,17424
20:39:24.293160,145,17,61809,106,0,2,8,3752
20:39:24.293658,145,18,61809,106,0,2,8,17424
20:39:24.294192,145,19,61809,94,12,2,8,15112
20:39:24.298735,146,7,61809,106,0,2,8,3752
20:39:24.299558,146,8,61809,106,0,2,8,17424
20:39:24.300154,146,9,61809,106,0,2,8,17424
20:39:24.304477,146,17,61809,106,0,2,8,3752
20:39:24.304935,146,18,61809,106,0,2,8,17424
20:39:24.305532,146,19,61809,106,0,2,8,17424
20:39:24.310267,147,7,61809,106,0,2,8,3752
20:39:24.310759,147,8,61809,106,0,2,8,17424
20:39:24.311324,147,9,61809,106,0,2,8,17424
20:39:24.315869,147,17,61809,106,0,2,8,3752
20:39:24.316616,147,18,61809,106,0,2,8,17424
20:39:24.317133,147,19,61809,94,12,2,8,15112
20:39:24.321755,148,7,61809,106,0,2,8,3752
20:39:24.322318,148,8,49395,5,0,2,8,808
20:39:24.322318,148,8,61809,101,5,2,8,16392
20:39:24.322985,148,9,61809,106,0,2,8,17424
20:39:24.327163,148,17,61809,106,0,2,8,3752
20:39:24.327895,148,18,61809,106,0,2,8,17424
20:39:24.328471,148,19,61809,106,0,2,8,17424
20:39:24.332957,149,7,61809,106,0,2,8,3752
20:39:24.333647,149,8,61809,106,0,2,8,17424
20:39:24.334495,149,9,61809,106,0,2,8,17424
20:39:24.338828,149,17,61809,106,0,2,8,3752
20:39:24.339369,149,18,61809,106,0,2,8,17424
20:39:24.339966,149,19,61809,94,12,2,8,15112
20:39:24.344510,150,7,61809,106,0,2,8,3752
20:39:24.345215,150,8,61809,106,0,2,8,17424
20:39:24.346097,150,9,61809,106,0,2,8,17424
20:39:24.350379,150,17,61809,106,0,2,8,3752
20:39:24.350876,150,18,61809,106,0,2,8,17424
20:39:24.351355,150,19,61809,106,0,2,8,17424
20:39:24.355906,151,7,61809,106,0,2,8,3752
20:39:24.356603,151,8,61809,106,0,2,8,17424
20:39:24.357048,151,9,61809,106,0,2,8,17424
20:39:24.361699,151,17,61809,106,0,2,8,3752
20:39:24.362431,151,18,61809,106,0,2,8,17424
20:39:24.362983,151,19,61809,94,12,2,8,15112
20:39:24.367360,152,7,61809,106,0,2,8,3752
20:39:24.367991,152,8,61809,106,0,2,8,15624
20:39:24.368921,152,9,61809,106,0,2,8,15624
20:39:24.373237,152,17,61809,106,0,2,8,3752
20:39:24.373774,152,18,61809,106,0,2,8,17424
20:39:24.374164,152,19,61809,106,0,2,8,17424
20:39:24.378817,153,7,61809,106,0,2,8,3752
20:39:24.379454,153,8,61809,106,0,2,8,17424
20:39:24.380050,153,9,61809,106,0,2,8,17424
20:39:24.384321,153,17,61809,106,0,2,8,3752
20:39:24.385103,153,18,61809,29,0,2,8,4736
20:39:24.436594,158,8,49395,5,0,2,8,808
20:39:24.496725,163,8,61809,5,0,2,8,808
20:39:24.554167,168,8,49395,5,0,2,8,736
20:39:24.611410,173,8,61809,5,0,2,8,808
20:39:24.639250,175,17,49395,5,0,2,8,176
20:39:24.650590,176,17,49395,106,0,2,8,3752
20:39:24.651445,176,18,49395,106,0,2,8,17424
20:39:24.652000,176,19,49395,106,0,2,8,17424
20:39:24.656266,177,7,49395,106,0,2,8,3752
20:39:24.657183,177,8,49395,106,0,2,8,17424
20:39:24.657519,177,9,49395,106,0,2,8,17424
20:39:24.662042,177,17,49395,106,0,2,8,3752
20:39:24.662634,177,18,49395,106,0,2,8,17424
20:39:24.663293,177,19,49395,94,12,2,8,15112
20:39:24.667694,178,7,49395,106,0,2,8,3752
20:39:24.668533,178,8,49395,106,0,2,8,17424
20:39:24.669174,178,9,49395,106,0,2,8,17424
20:39:24.673480,178,17,49395,106,0,2,8,3752
20:39:24.674314,178,18,49395,106,0,2,8,17424
20:39:24.674797,178,19,49395,106,0,2,8,17424
20:39:24.679167,179,7,49395,106,0,2,8,3752
20:39:24.679999,179,8,49395,106,0,2,8,17424
20:39:24.680529,179,9,49395,106,0,2,8,17424
20:39:24.685014,179,17,49395,106,0,2,8,3752
20:39:24.685728,179,18,49395,106,0,2,8,17424
20:39:24.686485,179,19,49395,94,12,2,8,15112
20:39:24.690648,180,7,49395,106,0,2,8,3752
20:39:24.691390,180,8,49395,106,0,2,8,17424
20:39:24.691935,180,9,49395,106,0,2,8,17424
20:39:24.696330,180,17,49395,106,0,2,8,3752
20:39:24.697141,180,18,49395,106,0,2,8,17424
20:39:24.697611,180,19,49395,106,0,2,8,17424
20:39:24.701857,181,7,49395,106,0,2,8,3752
20:39:24.702577,181,8,49395,106,0,2,8,17424
20:39:24.703064,181,9,49395,106,0,2,8,17424
20:39:24.707493,181,17,49395,106,0,2,8,3752
20:39:24.708231,181,18,49395,106,0,2,8,17424
20:39:24.708832,181,19,49395,94,12,2,8,15112
20:39:24.713123,182,7,49395,106,0,2,8,3752
20:39:24.713752,182,8,49395,106,0,2,8,17424
20:39:24.714311,182,9,49395,106,0,2,8,17424
20:39:24.718800,182,17,49395,106,0,2,8,3752
20:39:24.719581,182,18,49395,106,0,2,8,17424
20:39:24.720136,182,19,49395,106,0,2,8,17424
20:39:24.724729,183,7,49395,106,0,2,8,3752
20:39:24.725167,183,8,61809,5,0,2,8,808
20:39:24.725168,183,8,49395,101,5,2,8,16392
20:39:24.725736,183,9,49395,106,0,2,8,17424
20:39:24.730072,183,17,49395,106,0,2,8,3752
20:39:24.730819,183,18,49395,106,0,2,8,17424
20:39:24.731435,183,19,49395,94,12,2,8,15112
20:39:24.735720,184,7,49395,106,0,2,8,3752
20:39:24.736409,184,8,49395,106,0,2,8,15624
20:39:24.736991,184,9,49395,106,0,2,8,15624
20:39:24.741396,184,17,49395,106,0,2,8,3752
20:39:24.742080,184,18,49395,106,0,2,8,17424
20:39:24.742627,184,19,49395,106,0,2,8,17424
20:39:24.747013,185,7,49395,106,0,2,8,3752
20:39:24.747675,185,8,49395,106,0,2,8,17424
20:39:24.748236,185,9,49395,106,0,2,8,17424
20:39:24.752870,185,17,49395,106,0,2,8,3752
20:39:24.753285,185,18,49395,106,0,2,8,17424
20:39:24.754220,185,19,49395,94,12,2,8,15112
20:39:24.758412,186,7,49395,106,0,2,8,3752
20:39:24.759046,186,8,49395,106,0,2,8,17424
20:39:24.759584,186,9,49395,106,0,2,8,17424
20:39:24.764084,186,17,49395,106,0,2,8,3752
20:39:24.764675,186,18,49395,106,0,2,8,17424
20:39:24.765082,186,19,49395,106,0,2,8,17424
20:39:24.769603,187,7,49395,86,0,2,8,3104
20:39:24.837252,193,8,61809,5,0,2,8,808
20:39:24.876541,197,8,49395,5,0,2,8,808
20:39:24.935637,203,8,61809,5,0,2,8,808
20:39:24.975357,207,8,49395,5,0,2,8,808
20:39:25.035251,213,8,61809,5,0,2,8,808
20:39:25.044850,214,7,61809,106,0,2,8,3752
20:39:25.045422,214,8,61809,106,0,2,8,17424
20:39:25.045888,214,9,61809,106,0,2,8,17424
20:39:25.049761,214,17,61809,106,0,2,8,3752
20:39:25.050380,214,18,61809,106,0,2,8,17424
20:39:25.051013,214,19,61809,106,0,2,8,17424
20:39:25.054919,215,7,61809,106,0,2,8,3752
20:39:25.055646,215,8,61809,106,0,2,8,17424
20:39:25.056109,215,9,61809,106,0,2,8,17424
20:39:25.059987,215,17,61809,106,0,2,8,3752
20:39:25.060649,215,18,61809,106,0,2,8,17424
20:39:25.061075,215,19,61809,94,12,2,8,15112
20:39:25.064933,216,7,61809,106,0,2,8,3752
20:39:25.065504,216,8,61809,106,0,2,8,15624
20:39:25.066129,216,9,61809,106,0,2,8,15624
20:39:25.069982,216,17,61809,106,0,2,8,3752
20:39:25.070466,216,18,61809,106,0,2,8,17424
20:39:25.071076,216,19,61809,106,0,2,8,17424
20:39:25.074854,217,7,61809,106,0,2,8,3752
20:39:25.075562,217,8,49395,5,0,2,8,808
20:39:25.075563,217,8,61809,101,5,2,8,16392
20:39:25.075984,217,9,61809,106,0,2,8,17424
20:39:25.080358,217,17,61809,106,0,2,8,3752
20:39:25.080697,217,18,61809,106,0,2,8,17424
20:39:25.081028,217,19,61809,94,12,2,8,15112
20:39:25.084989,218,7,61809,106,0,2,8,3752
20:39:25.085415,218,8,61809,106,0,2,8,17424
20:39:25.086004,218,9,61809,106,0,2,8,17424
20:39:25.089943,218,17,61809,106,0,2,8,3752
20:39:25.090651,218,18,61809,106,0,2,8,17424
20:39:25.090971,218,19,61809,106,0,2,8,17424
20:39:25.095088,219,7,61809,106,0,2,8,3752
20:39:25.095445,219,8,61809,106,0,2,8,17424
20:39:25.096062,219,9,61809,106,0,2,8,17424
20:39:25.099780,219,17,61809,106,0,2,8,3752
20:39:25.100597,219,18,61809,106,0,2,8,17424
20:39:25.100999,219,19,61809,94,12,2,8,15112
20:39:25.104930,220,7,61809,106,0,2,8,3752
20:39:25.105628,220,8,61809,106,0,2,8,17424
20:39:25.105995,220,9,61809,106,0,2,8,17424
20:39:25.109974,220,17,61809,106,0,2,8,3752
20:39:25.110523,220,18,61809,106,0,2,8,17424
20:39:25.110917,220,19,61809,106,0,2,8,17424
20:39:25.114750,221,7,61809,106,0,2,8,3752
20:39:25.115381,221,8,61809,106,0,2,8,17424
20:39:25.115812,221,9,61809,106,0,2,8,17424
20:39:25.119711,221,17,61809,106,0,2,8,3752
20:39:25.120315,221,18,61809,106,0,2,8,17424
20:39:25.120901,221,19,61809,94,12,2,8,15112
20:39:25.124731,222,7,61809,106,0,2,8,3752
20:39:25.125341,222,8,61809,106,0,2,8,17424
20:39:25.125749,222,9,61809,106,0,2,8,17424
20:39:25.129629,222,17,61809,106,0,2,8,3752
20:39:25.130295,222,18,61809,106,0,2,8,17424
20:39:25.130780,222,19,61809,106,0,2,8,17424
20:39:25.134656,223,7,61809,106,0,2,8,3752
20:39:25.135324,223,8,61809,106,0,2,8,17424
20:39:25.135690,223,9,61809,106,0,2,8,17424
20:39:25.139550,223,17,61809,106,0,2,8,3752
20:39:25.140142,223,18,61809,106,0,2,8,17424
20:39:25.140797,223,19,61809,94,12,2,8,15112
20:39:25.144625,224,7,61809,106,0,2,8,3752
20:39:25.145346,224,8,61809,106,0,2,8,15624
20:39:25.146222,224,9,61809,106,0,2,8,15624
20:39:25.150315,224,17,61809,44,0,2,8,1608
20:39:25.176050,227,8,49395,5,0,2,8,808
20:39:25.246155,234,8,61809,5,0,2,8,808
20:39:25.275749,237,8,49395,5,0,2,8,808
20:39:25.346429,244,8,61809,5,0,2,8,808
20:39:25.376931,247,8,49395,5,0,2,8,808
20:39:25.385889,248,7,49395,106,0,2,8,3752
20:39:25.386658,248,8,49395,106,0,2,8,15624
20:39:25.387215,248,9,49395,106,0,2,8,15624
20:39:25.391104,248,17,49395,106,0,2,8,3752
20:39:25.391573,248,18,49395,106,0,2,8,17424
20:39:25.392008,248,19,49395,106,0,2,8,17424
20:39:25.395989,249,7,49395,106,0,2,8,3752
20:39:25.396704,249,8,49395,106,0,2,8,17424
20:39:25.397186,249,9,49395,106,0,2,8,17424
20:39:25.401135,249,17,49395,106,0,2,8,3752
20:39:25.401709,249,18,49395,106,0,2,8,17424
20:39:25.402521,249,19,49395,94,12,2,8,15112
20:39:25.406305,250,7,49395,106,0,2,8,3752
20:39:25.406993,250,8,49395,106,0,2,8,17424
20:39:25.407502,250,9,49395,106,0,2,8,17424
20:39:25.411388,250,17,49395,106,0,2,8,3752
20:39:25.411968,250,18,49395,106,0,2,8,17424
20:39:25.412642,250,19,49395,106,0,2,8,17424
20:39:25.416529,251,7,49395,106,0,2,8,3752
20:39:25.417225,251,8,49395,106,0,2,8,17424
20:39:25.417725,251,9,49395,106,0,2,8,17424
20:39:25.421565,251,17,49395,106,0,2,8,3752
20:39:25.422211,251,18,49395,106,0,2,8,17424
20:39:25.423323,251,19,49395,94,12,2,8,15112
20:39:25.426779,252,7,49395,106,0,2,8,3752
20:39:25.427445,252,8,49395,106,0,2,8,17424
20:39:25.428030,252,9,49395,106,0,2,8,17424
20:39:25.431922,252,17,49395,106,0,2,8,3752
20:39:25.432384,252,18,49395,106,0,2,8,17424
20:39:25.432878,252,19,49395,106,0,2,8,17424
20:39:25.436899,253,7,49395,106,0,2,8,3752
20:39:25.437567,253,8,49395,106,0,2,8,17424
20:39:25.438148,253,9,49395,106,0,2,8,17424
20:39:25.441984,253,17,49395,106,0,2,8,3752
20:39:25.442588,253,18,49395,106,0,2,8,17424
20:39:25.443208,253,19,49395,94,12,2,8,15112
20:39:25.447220,254,7,49395,106,0,2,8,3752
20:39:25.447964,254,8,61809,5,0,2,8,808
20:39:25.447964,254,8,49395,101,5,2,8,16392
20:39:25.448406,254,9,49395,106,0,2,8,17424
20:39:25.452358,254,17,49395,106,0,2,8,3752
20:39:25.453115,254,18,49395,106,0,2,8,17424
20:39:25.453447,254,19,49395,106,0,2,8,17424
20:39:25.457699,255,7,49395,106,0,2,8,3752
20:39:25.458038,255,8,49395,106,0,2,8,17424
20:39:25.458540,255,9,49395,106,0,2,8,17424
20:39:25.463164,255,17,49395,106,0,2,8,3752
20:39:25.463894,255,18,49395,106,0,2,8,17424
20:39:25.464701,255,19,49395,94,12,2,8,15112
20:39:25.468308,256,7,49395,106,0,2,8,3752
20:39:25.469021,256,8,49395,106,0,2,8,15624
20:39:25.469418,256,9,49395,106,0,2,8,15624
20:39:25.472631,256,17,49395,106,0,2,8,3752
20:39:25.473237,256,18,49395,106,0,2,8,17424
20:39:25.473735,256,19,49395,106,0,2,8,17424
20:39:25.477759,257,7,49395,106,0,2,8,3752
20:39:25.478426,257,8,49395,106,0,2,8,17424
20:39:25.478936,257,9,49395,106,0,2,8,17424
20:39:25.483394,257,17,49395,106,0,2,8,3752
20:39:25.483751,257,18,49395,106,0,2,8,17424
20:39:25.484041,257,19,49395,94,12,2,8,15112
20:39:25.487872,258,7,49395,106,0,2,8,3752
20:39:25.488449,258,8,49395,106,0,2,8,17424
20:39:25.489021,258,9,49395,106,0,2,8,17424
20:39:25.493641,258,17,49395,106,0,2,8,3752
20:39:25.494046,258,18,49395,29,0,2,8,4736
20:39:25.548821,264,8,61809,5,0,2,8,736
20:39:25.608748,268,8,49395,5,0,2,8,808
20:39:25.676748,274,8,61809,5,0,2,8,808
20:39:25.687503,275,7,61809,106,0,2,8,3752
20:39:25.688321,275,8,61809,106,0,2,8,17424
20:39:25.688665,275,9,61809,106,0,2,8,17424
20:39:25.693167,275,17,61809,106,0,2,8,3752
20:39:25.693894,275,18,61809,106,0,2,8,17424
20:39:25.694652,275,19,61809,94,12,2,8,15112
20:39:25.698870,276,7,61809,106,0,2,8,3752
20:39:25.699547,276,8,61809,106,0,2,8,17424
20:39:25.700144,276,9,61809,106,0,2,8,17424
20:39:25.704397,276,17,61809,106,0,2,8,3752
20:39:25.705093,276,18,61809,106,0,2,8,17424
20:39:25.705619,276,19,61809,106,0,2,8,17424
20:39:25.710043,277,7,61809,106,0,2,8,3752
20:39:25.710856,277,8,61809,106,0,2,8,17424
20:39:25.711478,277,9,61809,106,0,2,8,17424
20:39:25.715740,277,17,61809,106,0,2,8,3752
20:39:25.716328,277,18,61809,106,0,2,8,17424
20:39:25.717012,277,19,61809,94,12,2,8,15112
20:39:25.721294,278,7,61809,106,0,2,8,3752
20:39:25.722041,278,8,49395,5,0,2,8,808
20:39:25.722041,278,8,61809,101,5,2,8,16392
20:39:25.722625,278,9,61809,106,0,2,8,17424
20:39:25.727048,278,17,61809,106,0,2,8,3752
20:39:25.727612,278,18,61809,106,0,2,8,17424
20:39:25.728187,278,19,61809,106,0,2,8,17424
20:39:25.732731,279,7,61809,106,0,2,8,3752
20:39:25.733215,279,8,61809,106,0,2,8,17424
20:39:25.733784,279,9,61809,106,0,2,8,17424
20:39:25.738373,279,17,61809,106,0,2,8,3752
20:39:25.738986,279,18,61809,106,0,2,8,17424
20:39:25.739487,279,19,61809,94,12,2,8,15112
20:39:25.743831,280,7,61809,106,0,2,8,3752
20:39:25.744597,280,8,61809,106,0,2,8,15624
20:39:25.745192,280,9,61809,106,0,2,8,15624
20:39:25.749502,280,17,61809,106,0,2,8,3752
20:39:25.750074,280,18,61809,106,0,2,8,17424
20:39:25.750769,280,19,61809,106,0,2,8,17424
20:39:25.755008,281,7,61809,106,0,2,8,3752
20:39:25.755632,281,8,61809,106,0,2,8,17424
20:39:25.756170,281,9,61809,106,0,2,8,17424
20:39:25.760804,281,17,61809,106,0,2,8,3752
20:39:25.761278,281,18,61809,106,0,2,8,17424
20:39:25.761990,281,19,61809,94,12,2,8,15112
20:39:25.766352,282,7,61809,106,0,2,8,3752
20:39:25.766881,282,8,61809,106,0,2,8,17424
20:39:25.767447,282,9,61809,106,0,2,8,17424
20:39:25.771916,282,17,61809,106,0,2,8,3752
20:39:25.772786,282,18,61809,106,0,2,8,17424
20:39:25.773215,282,19,61809,106,0,2,8,17424
20:39:25.777463,283,7,61809,106,0,2,8,3752
20:39:25.778085,283,8,61809,106,0,2,8,17424
20:39:25.778692,283,9,61809,106,0,2,8,17424
20:39:25.783272,283,17,61809,106,0,2,8,3752
20:39:25.783838,283,18,61809,106,0,2,8,17424
20:39:25.784483,283,19,61809,94,12,2,8,15112
20:39:25.788906,284,7,61809,106,0,2,8,3752
20:39:25.789460,284,8,61809,106,0,2,8,17424
20:39:25.789983,284,9,61809,106,0,2,8,17424
20:39:25.794349,284,17,61809,106,0,2,8,3752
20:39:25.795038,284,18,61809,106,0,2,8,17424
20:39:25.795572,284,19,61809,106,0,2,8,17424
20:39:25.800101,285,7,61809,106,0,2,8,3752
20:39:25.800582,285,8,61809,106,0,2,8,17424
20:39:25.801259,285,9,61809,106,0,2,8,17424
20:39:25.805733,285,17,61809,44,0,2,8,1608
20:39:25.834741,288,8,49395,5,0,2,8,736
20:39:25.913521,295,8,61809,5,0,2,8,808
20:39:25.947128,298,8,49395,5,0,2,8,808
20:39:26.025905,305,8,61809,5,0,2,8,808
20:39:26.059322,308,8,49395,5,0,2,8,808
20:39:26.070287,309,7,49395,106,0,2,8,3752
20:39:26.070724,309,8,49395,106,0,2,8,17424
20:39:26.071587,309,9,49395,106,0,2,8,17424
20:39:26.075861,309,17,49395,106,0,2,8,3752
20:39:26.076747,309,18,49395,106,0,2,8,17424
20:39:26.077349,309,19,49395,94,12,2,8,15112
20:39:26.081327,310,7,49395,106,0,2,8,3752
20:39:26.082100,310,8,49395,106,0,2,8,17424
20:39:26.082686,310,9,49395,106,0,2,8,17424
20:39:26.087093,310,17,49395,106,0,2,8,3752
20:39:26.087713,310,18,49395,106,0,2,8,17424
20:39:26.088252,310,19,49395,106,0,2,8,17424
20:39:26.092696,311,7,49395,106,0,2,8,3752
20:39:26.093243,311,8,49395,106,0,2,8,17424
20:39:26.093911,311,9,49395,106,0,2,8,17424
20:39:26.098345,311,17,49395,106,0,2,8,3752
20:39:26.098869,311,18,49395,106,0,2,8,17424
20:39:26.099555,311,19,49395,94,12,2,8,15112
20:39:26.104095,312,7,49395,106,0,2,8,3752
20:39:26.104553,312,8,49395,106,0,2,8,15624
20:39:26.105194,312,9,49395,106,0,2,8,15624
20:39:26.109327,312,17,49395,106,0,2,8,3752
20:39:26.110078,312,18,49395,106,0,2,8,17424
20:39:26.110647,312,19,49395,106,0,2,8,17424
20:39:26.115125,313,7,49395,106,0,2,8,3752
20:39:26.115862,313,8,49395,106,0,2,8,17424
20:39:26.116224,313,9,49395,106,0,2,8,17424
20:39:26.120524,313,17,49395,106,0,2,8,3752
20:39:26.121316,313,18,49395,106,0,2,8,17424
20:39:26.121962,313,19,49395,94,12,2,8,15112
20:39:26.126523,314,7,49395,106,0,2,8,3752
20:39:26.127013,314,8,49395,106,0,2,8,17424
20:39:26.127739,314,9,49395,106,0,2,8,17424
20:39:26.132063,314,17,49395,106,0,2,8,3752
20:39:26.132846,314,18,49395,106,0,2,8,17424
20:39:26.133270,314,19,49395,106,0,2,8,17424
20:39:26.137877,315,7,49395,106,0,2,8,3752
20:39:26.138412,315,8,61809,5,0,2,8,808
20:39:26.138412,315,8,49395,101,5,2,8,16392
20:39:26.139062,315,9,49395,106,0,2,8,17424
20:39:26.143345,315,17,49395,106,0,2,8,3752
20:39:26.144124,315,18,49395,106,0,2,8,17424
20:39:26.144882,315,19,49395,94,12,2,8,15112
20:39:26.149207,316,7,49395,106,0,2,8,3752
20:39:26.149864,316,8,49395,106,0,2,8,17424
20:39:26.150714,316,9,49395,106,0,2,8,17424
20:39:26.155007,316,17,49395,106,0,2,8,3752
20:39:26.155532,316,18,49395,106,0,2,8,17424
20:39:26.156034,316,19,49395,106,0,2,8,17424
20:39:26.160509,317,7,49395,106,0,2,8,3752
20:39:26.161072,317,8,49395,106,0,2,8,17424
20:39:26.161822,317,9,49395,106,0,2,8,17424
20:39:26.166037,317,17,49395,106,0,2,8,3752
20:39:26.166782,317,18,49395,106,0,2,8,17424
20:39:26.167584,317,19,49395,94,12,2,8,15112
20:39:26.171756,318,7,49395,106,0,2,8,3752
20:39:26.172332,318,8,49395,106,0,2,8,17424
20:39:26.173106,318,9,49395,106,0,2,8,17424
20:39:26.177144,318,17,49395,106,0,2,8,3752
20:39:26.177910,318,18,49395,106,0,2,8,17424
20:39:26.178445,318,19,49395,106,0,2,8,17424
20:39:26.182865,319,7,49395,106,0,2,8,3752
20:39:26.183437,319,8,49395,106,0,2,8,17424
20:39:26.184257,319,9,49395,106,0,2,8,17424
20:39:26.188384,319,17,49395,44,0,2,8,1608
20:39:26.251203,325,8,61809,5,0,2,8,808
20:39:26.296174,329,8,49395,5,0,2,8,808
20:39:26.363995,335,8,61809,5,0,2,8,808
20:39:26.375068,336,7,61809,106,0,2,8,3752
20:39:26.375565,336,8,61809,106,0,2,8,15624
20:39:26.376265,336,9,61809,106,0,2,8,15624
20:39:26.380585,336,17,61809,106,0,2,8,3752
20:39:26.381058,336,18,61809,106,0,2,8,17424
20:39:26.381476,336,19,61809,106,0,2,8,17424
20:39:26.385927,337,7,61809,106,0,2,8,3752
20:39:26.386618,337,8,61809,106,0,2,8,17424
20:39:26.387192,337,9,61809,106,0,2,8,17424
20:39:26.391539,337,17,61809,106,0,2,8,3752
20:39:26.392265,337,18,61809,106,0,2,8,17424
20:39:26.393494,337,19,61809,94,12,2,8,15112
20:39:26.397159,338,7,61809,106,0,2,8,3752
20:39:26.397915,338,8,61809,106,0,2,8,17424
20:39:26.398482,338,9,61809,106,0,2,8,17424
20:39:26.403127,338,17,61809,106,0,2,8,3752
20:39:26.403737,338,18,61809,106,0,2,8,17424
20:39:26.404260,338,19,61809,106,0,2,8,17424
20:39:26.408506,339,7,61809,106,0,2,8,3752
20:39:26.409325,339,8,49395,5,0,2,8,808
20:39:26.409325,339,8,61809,101,5,2,8,16392
20:39:26.409887,339,9,61809,106,0,2,8,17424
20:39:26.414177,339,17,61809,106,0,2,8,3752
20:39:26.415050,339,18,61809,106,0,2,8,17424
20:39:26.415695,339,19,61809,94,12,2,8,15112
20:39:26.419999,340,7,61809,106,0,2,8,3752
20:39:26.420824,340,8,61809,106,0,2,8,17424
20:39:26.421313,340,9,61809,106,0,2,8,17424
20:39:26.425775,340,17,61809,106,0,2,8,3752
20:39:26.426509,340,18,61809,106,0,2,8,17424
20:39:26.427008,340,19,61809,106,0,2,8,17424
20:39:26.431336,341,7,61809,106,0,2,8,3752
20:39:26.432167,341,8,61809,106,0,2,8,17424
20:39:26.432728,341,9,61809,106,0,2,8,17424
20:39:26.437049,341,17,61809,106,0,2,8,3752
20:39:26.437814,341,18,61809,106,0,2,8,17424
20:39:26.438514,341,19,61809,94,12,2,8,15112
20:39:26.442792,342,7,61809,106,0,2,8,3752
20:39:26.443490,342,8,61809,106,0,2,8,17424
20:39:26.444078,342,9,61809,106,0,2,8,17424
20:39:26.448563,342,17,61809,106,0,2,8,3752
20:39:26.449242,342,18,61809,106,0,2,8,17424
20:39:26.449812,342,19,61809,106,0,2,8,17424
20:39:26.454377,343,7,61809,106,0,2,8,3752
20:39:26.455003,343,8,61809,106,0,2,8,17424
20:39:26.455576,343,9,61809,106,0,2,8,17424
20:39:26.460063,343,17,61809,106,0,2,8,3752
20:39:26.460740,343,18,61809,106,0,2,8,17424
20:39:26.461495,343,19,61809,94,12,2,8,15112
20:39:26.465779,344,7,61809,106,0,2,8,3752
20:39:26.466831,344,8,61809,106,0,2,8,15624
20:39:26.467284,344,9,61809,106,0,2,8,15624
20:39:26.471520,344,17,61809,106,0,2,8,3752
20:39:26.472296,344,18,61809,106,0,2,8,17424
20:39:26.472881,344,19,61809,106,0,2,8,17424
20:39:26.477402,345,7,61809,106,0,2,8,3752
20:39:26.478155,345,8,61809,106,0,2,8,17424
20:39:26.478746,345,9,61809,106,0,2,8,17424
20:39:26.483432,345,17,61809,106,0,2,8,3752
20:39:26.483923,345,18,61809,106,0,2,8,17424
20:39:26.484784,345,19,61809,94,12,2,8,15112
20:39:26.488861,346,7,61809,106,0,2,8,3752
20:39:26.489539,346,8,61809,106,0,2,8,17424
20:39:26.490087,346,9,61809,106,0,2,8,17424
20:39:26.494620,346,17,61809,106,0,2,8,3752
20:39:26.495293,346,18,61809,29,0,2,8,4736
20:39:26.524126,349,8,49395,5,0,2,8,808
20:39:26.604226,356,8,61809,5,0,2,8,808
20:39:26.638447,359,8,49395,5,0,2,8,808
20:39:26.719449,366,8,61809,5,0,2,8,808
20:39:26.753512,369,8,49395,5,0,2,8,808
20:39:26.764032,370,7,49395,106,0,2,8,3752
20:39:26.764855,370,8,49395,106,0,2,8,17424
20:39:26.765350,370,9,49395,106,0,2,8,17424
20:39:26.770056,370,17,49395,106,0,2,8,3752
20:39:26.770691,370,18,49395,106,0,2,8,17424
20:39:26.771304,370,19,49395,106,0,2,8,17424
20:39:26.775368,371,7,49395,106,0,2,8,3752
20:39:26.776178,371,8,49395,106,0,2,8,17424
20:39:26.776659,371,9,49395,106,0,2,8,17424
20:39:26.781146,371,17,49395,106,0,2,8,3752
20:39:26.781776,371,18,49395,106,0,2,8,17424
20:39:26.782660,371,19,49395,94,12,2,8,15112
20:39:26.786715,372,7,49395,106,0,2,8,3752
20:39:26.787458,372,8,49395,106,0,2,8,17424
20:39:26.788032,372,9,49395,106,0,2,8,17424
20:39:26.792457,372,17,49395,106,0,2,8,3752
20:39:26.793147,372,18,49395,106,0,2,8,17424
20:39:26.793926,372,19,49395,106,0,2,8,17424
20:39:26.797984,373,7,49395,106,0,2,8,3752
20:39:26.798793,373,8,49395,106,0,2,8,17424
20:39:26.799301,373,9,49395,106,0,2,8,17424
20:39:26.803752,373,17,49395,106,0,2,8,3752
20:39:26.804394,373,18,49395,106,0,2,8,17424
20:39:26.805256,373,19,49395,94,12,2,8,15112
20:39:26.809214,374,7,49395,106,0,2,8,3752
20:39:26.810036,374,8,49395,106,0,2,8,17424
20:39:26.810539,374,9,49395,106,0,2,8,17424
20:39:26.814996,374,17,49395,106,0,2,8,3752
20:39:26.815794,374,18,49395,106,0,2,8,17424
20:39:26.816229,374,19,49395,106,0,2,8,17424
20:39:26.820408,375,7,49395,106,0,2,8,3752
20:39:26.821165,375,8,49395,106,0,2,8,17424
20:39:26.821756,375,9,49395,106,0,2,8,17424
20:39:26.826074,375,17,49395,106,0,2,8,3752
20:39:26.826785,375,18,49395,106,0,2,8,17424
20:39:26.827424,375,19,49395,94,12,2,8,15112
20:39:26.831669,376,7,49395,106,0,2,8,3752
20:39:26.832376,376,8,61809,5,0,2,8,736
20:39:26.832376,376,8,49395,101,5,2,8,14856
20:39:26.833033,376,9,49395,106,0,2,8,15624
20:39:26.837761,376,17,49395,106,0,2,8,3752
20:39:26.838111,376,18,49395,106,0,2,8,17424
20:39:26.838486,376,19,49395,106,0,2,8,17424
20:39:26.843081,377,7,49395,106,0,2,8,3752
20:39:26.843668,377,8,49395,106,0,2,8,17424
20:39:26.844222,377,9,49395,106,0,2,8,17424
20:39:26.848502,377,17,49395,106,0,2,8,3752
20:39:26.849224,377,18,49395,106,0,2,8,17424
20:39:26.849993,377,19,49395,94,12,2,8,15112
20:39:26.854117,378,7,49395,106,0,2,8,3752
20:39:26.854848,378,8,49395,106,0,2,8,17424
20:39:26.855319,378,9,49395,106,0,2,8,17424
20:39:26.859836,378,17,49395,106,0,2,8,3752
20:39:26.860506,378,18,49395,106,0,2,8,17424
20:39:26.861033,378,19,49395,106,0,2,8,17424
20:39:26.865446,379,7,49395,106,0,2,8,3752
20:39:26.866168,379,8,49395,106,0,2,8,17424
20:39:26.866599,379,9,49395,106,0,2,8,17424
20:39:26.871048,379,17,49395,106,0,2,8,3752
20:39:26.871640,379,18,49395,106,0,2,8,17424
20:39:26.872362,379,19,49395,94,12,2,8,15112
20:39:26.876918,380,7,49395,106,0,2,8,3752
20:39:26.877509,380,8,49395,106,0,2,8,17424
20:39:26.878144,380,9,49395,106,0,2,8,17424
20:39:26.882652,380,17,49395,33,0,2,8,1160
20:39:26.969245,386,8,61809,5,0,2,8,808
20:39:27.014229,390,8,49395,5,0,2,8,808
20:39:27.082575,396,8,61809,5,0,2,8,808
20:39:27.128319,400,8,49395,5,0,2,8,736
20:39:27.196540,406,8,61809,5,0,2,8,808
20:39:27.207200,407,7,61809,106,0,2,8,3752
20:39:27.208115,407,8,61809,106,0,2,8,17424
20:39:27.208416,407,9,61809,106,0,2,8,17424
20:39:27.212834,407,17,61809,106,0,2,8,3752
20:39:27.213589,407,18,61809,106,0,2,8,17424
20:39:27.214295,407,19,61809,94,12,2,8,15112
20:39:27.218744,408,7,61809,106,0,2,8,3752
20:39:27.219421,408,8,61809,106,0,2,8,15624
20:39:27.220015,408,9,61809,106,0,2,8,15624
20:39:27.224497,408,17,61809,106,0,2,8,3752
20:39:27.225029,408,18,61809,106,0,2,8,17424
20:39:27.225519,408,19,61809,106,0,2,8,17424
20:39:27.229952,409,7,61809,106,0,2,8,3752
20:39:27.230562,409,8,61809,106,0,2,8,17424
20:39:27.231262,409,9,61809,106,0,2,8,17424
20:39:27.235885,409,17,61809,106,0,2,8,3752
20:39:27.236346,409,18,61809,106,0,2,8,17424
20:39:27.237013,409,19,61809,94,12,2,8,15112
20:39:27.241381,410,7,61809,106,0,2,8,3752
20:39:27.242073,410,8,49395,5,0,2,8,808
20:39:27.242073,410,8,61809,101,5,2,8,16392
20:39:27.242656,410,9,61809,106,0,2,8,17424
20:39:27.247018,410,17,61809,106,0,2,8,3752
20:39:27.247609,410,18,61809,106,0,2,8,17424
20:39:27.248362,410,19,61809,106,0,2,8,17424
20:39:27.252571,411,7,61809,106,0,2,8,3752
20:39:27.253321,411,8,61809,106,0,2,8,17424
20:39:27.253864,411,9,61809,106,0,2,8,17424
20:39:27.258376,411,17,61809,106,0,2,8,3752
20:39:27.258931,411,18,61809,106,0,2,8,17424
20:39:27.259610,411,19,61809,94,12,2,8,15112
20:39:27.263900,412,7,61809,106,0,2,8,3752
20:39:27.264758,412,8,61809,106,0,2,8,17424
20:39:27.265277,412,9,61809,106,0,2,8,17424
20:39:27.269759,412,17,61809,106,0,2,8,3752
20:39:27.270341,412,18,61809,106,0,2,8,17424
20:39:27.270914,412,19,61809,106,0,2,8,17424
20:39:27.275269,413,7,61809,106,0,2,8,3752
20:39:27.275969,413,8,61809,106,0,2,8,17424
20:39:27.276479,413,9,61809,106,0,2,8,17424
20:39:27.281076,413,17,61809,106,0,2,8,3752
20:39:27.281751,413,18,61809,106,0,2,8,17424
20:39:27.282470,413,19,61809,94,12,2,8,15112
20:39:27.286691,414,7,61809,106,0,2,8,3752
20:39:27.287336,414,8,61809,106,0,2,8,17424
20:39:27.287888,414,9,61809,106,0,2,8,17424
20:39:27.292555,414,17,61809,106,0,2,8,3752
20:39:27.293113,414,18,61809,106,0,2,8,17424
20:39:27.293580,414,19,61809,106,0,2,8,17424
20:39:27.298015,415,7,61809,106,0,2,8,3752
20:39:27.298584,415,8,61809,106,0,2,8,17424
20:39:27.299227,415,9,61809,106,0,2,8,17424
20:39:27.303567,415,17,61809,106,0,2,8,3752
20:39:27.304254,415,18,61809,106,0,2,8,17424
20:39:27.305000,415,19,61809,94,12,2,8,15112
20:39:27.309568,416,7,61809,106,0,2,8,3752
20:39:27.310155,416,8,61809,106,0,2,8,15624
20:39:27.310620,416,9,61809,106,0,2,8,15624
20:39:27.315236,416,17,61809,106,0,2,8,3752
20:39:27.315783,416,18,61809,106,0,2,8,17424
20:39:27.316351,416,19,61809,106,0,2,8,17424
20:39:27.320783,417,7,61809,106,0,2,8,3752
20:39:27.321547,417,8,61809,106,0,2,8,17424
20:39:27.322118,417,9,61809,106,0,2,8,17424
20:39:27.326418,417,17,61809,106,0,2,8,3752
20:39:27.327093,417,18,61809,29,0,2,8,4736
20:39:27.356023,420,8,49395,5,0,2,8,808
20:39:27.434711,427,8,61809,5,0,2,8,808
20:39:27.514262,430,8,49395,5,0,2,8,808
20:39:27.521771,431,9,49395,106,0,2,8,17424
20:39:27.526251,431,17,49395,106,0,2,8,3752
20:39:27.526986,431,18,49395,106,0,2,8,17424
20:39:27.527614,431,19,49395,94,12,2,8,15112
20:39:27.531883,432,7,49395,106,0,2,8,3752
20:39:27.532672,432,8,49395,106,0,2,8,15624
20:39:27.533547,432,9,49395,106,0,2,8,15624
20:39:27.537524,432,17,49395,106,0,2,8,3752
20:39:27.538261,432,18,49395,106,0,2,8,17424
20:39:27.538756,432,19,49395,106,0,2,8,17424
20:39:27.543229,433,7,49395,106,0,2,8,3752
20:39:27.543903,433,8,49395,106,0,2,8,17424
20:39:27.544379,433,9,49395,106,0,2,8,17424
20:39:27.548917,433,17,49395,106,0,2,8,3752
20:39:27.549530,433,18,49395,106,0,2,8,17424
20:39:27.550219,433,19,49395,94,12,2,8,15112
20:39:27.554526,434,7,49395,106,0,2,8,3752
20:39:27.555228,434,8,49395,106,0,2,8,17424
20:39:27.555777,434,9,49395,106,0,2,8,17424
20:39:27.560086,434,17,49395,106,0,2,8,3752
20:39:27.560858,434,18,49395,106,0,2,8,17424
20:39:27.561400,434,19,49395,106,0,2,8,17424
20:39:27.565765,435,7,49395,106,0,2,8,3752
20:39:27.566561,435,8,49395,106,0,2,8,17424
20:39:27.567135,435,9,49395,106,0,2,8,17424
20:39:27.571753,435,17,49395,106,0,2,8,3752
20:39:27.572392,435,18,49395,106,0,2,8,17424
20:39:27.572946,435,19,49395,94,12,2,8,15112
20:39:27.577255,436,7,49395,106,0,2,8,3752
20:39:27.577993,436,8,49395,106,0,2,8,17424
20:39:27.578447,436,9,49395,106,0,2,8,17424
20:39:27.583312,436,17,49395,106,0,2,8,3752
20:39:27.583809,436,18,49395,106,0,2,8,17424
20:39:27.584318,436,19,49395,106,0,2,8,17424
20:39:27.588839,437,7,49395,106,0,2,8,3752
20:39:27.589471,437,8,61809,5,0,2,8,808
20:39:27.589472,437,8,49395,101,5,2,8,16392
20:39:27.589752,437,9,49395,106,0,2,8,17424
20:39:27.594261,437,17,49395,106,0,2,8,3752
20:39:27.594911,437,18,49395,106,0,2,8,17424
20:39:27.595667,437,19,49395,94,12,2,8,15112
20:39:27.599857,438,7,49395,106,0,2,8,3752
20:39:27.600438,438,8,49395,106,0,2,8,17424
20:39:27.601149,438,9,49395,106,0,2,8,17424
20:39:27.605521,438,17,49395,106,0,2,8,3752
20:39:27.606303,438,18,49395,106,0,2,8,17424
20:39:27.606908,438,19,49395,106,0,2,8,17424
20:39:27.611275,439,7,49395,106,0,2,8,3752
20:39:27.612201,439,8,49395,106,0,2,8,17424
20:39:27.612501,439,9,49395,106,0,2,8,17424
20:39:27.617012,439,17,49395,106,0,2,8,3752
20:39:27.617481,439,18,49395,106,0,2,8,17424
20:39:27.618121,439,19,49395,94,12,2,8,15112
20:39:27.622551,440,7,49395,106,0,2,8,3752
20:39:27.623218,440,8,49395,106,0,2,8,15624
20:39:27.623969,440,9,49395,106,0,2,8,15624
20:39:27.628535,440,17,49395,106,0,2,8,3752
20:39:27.628858,440,18,49395,106,0,2,8,17424
20:39:27.629477,440,19,49395,106,0,2,8,17424
20:39:27.633717,441,7,49395,106,0,2,8,3752
20:39:27.634549,441,8,49395,106,0,2,8,17424
20:39:27.635349,441,9,49395,106,0,2,8,17424
20:39:27.639398,441,17,49395,106,0,2,8,3752
20:39:27.640231,441,18,49395,106,0,2,8,17424
20:39:27.640698,441,19,49395,94,12,2,8,15112
20:39:27.702146,447,8,61809,5,0,2,8,808
20:39:27.747574,451,8,49395,5,0,2,8,808
20:39:27.816070,457,8,61809,5,0,2,8,808
20:39:27.826839,458,7,61809,106,0,2,8,3752
20:39:27.827741,458,8,61809,106,0,2,8,17424
20:39:27.828191,458,9,61809,106,0,2,8,17424
20:39:27.832406,458,17,61809,106,0,2,8,3752
20:39:27.833137,458,18,61809,106,0,2,8,17424
20:39:27.833619,458,19,61809,106,0,2,8,17424
20:39:27.838185,459,7,61809,106,0,2,8,3752
20:39:27.838908,459,8,61809,106,0,2,8,17424
20:39:27.839346,459,9,61809,106,0,2,8,17424
20:39:27.843760,459,17,61809,106,0,2,8,3752
20:39:27.844471,459,18,61809,106,0,2,8,17424
20:39:27.845324,459,19,61809,94,12,2,8,15112
20:39:27.849530,460,7,61809,106,0,2,8,3752
20:39:27.850264,460,8,61809,106,0,2,8,17424
20:39:27.850814,460,9,61809,106,0,2,8,17424
20:39:27.855376,460,17,61809,106,0,2,8,3752
20:39:27.855883,460,18,61809,106,0,2,8,17424
20:39:27.856434,460,19,61809,106,0,2,8,17424
20:39:27.860877,461,7,61809,106,0,2,8,3752
20:39:27.861508,461,8,49395,5,0,2,8,808
20:39:27.861508,461,8,61809,101,5,2,8,16392
20:39:27.862085,461,9,61809,106,0,2,8,17424
20:39:27.866495,461,17,61809,106,0,2,8,3752
20:39:27.867174,461,18,61809,106,0,2,8,17424
20:39:27.867920,461,19,61809,94,12,2,8,15112
20:39:27.872500,462,7,61809,106,0,2,8,3752
20:39:27.873013,462,8,61809,106,0,2,8,17424
20:39:27.873564,462,9,61809,106,0,2,8,17424
20:39:27.877956,462,17,61809,106,0,2,8,3752
20:39:27.878665,462,18,61809,106,0,2,8,17424
20:39:27.879368,462,19,61809,106,0,2,8,17424
20:39:27.883769,463,7,61809,106,0,2,8,3752
20:39:27.884413,463,8,61809,106,0,2,8,17424
20:39:27.885113,463,9,61809,106,0,2,8,17424
20:39:27.889296,463,17,61809,106,0,2,8,3752
20:39:27.890017,463,18,61809,106,0,2,8,17424
20:39:27.890736,463,19,61809,94,12,2,8,15112
20:39:27.895109,464,7,61809,106,0,2,8,3752
20:39:27.895730,464,8,61809,106,0,2,8,15624
20:39:27.896501,464,9,61809,106,0,2,8,15624
20:39:27.900598,464,17,61809,106,0,2,8,3752
20:39:27.901114,464,18,61809,106,0,2,8,17424
20:39:27.901661,464,19,61809,106,0,2,8,17424
20:39:27.905492,465,7,61809,106,0,2,8,3752
20:39:27.906154,465,8,61809,106,0,2,8,17424
20:39:27.906607,465,9,61809,106,0,2,8,17424
20:39:27.910550,465,17,61809,106,0,2,8,3752
20:39:27.911219,465,18,61809,106,0,2,8,17424
20:39:27.911995,465,19,61809,94,12,2,8,15112
20:39:27.915444,466,7,61809,106,0,2,8,3752
20:39:27.916261,466,8,61809,106,0,2,8,17424
20:39:27.916522,466,9,61809,106,0,2,8,17424
20:39:27.920338,466,17,61809,106,0,2,8,3752
20:39:27.921008,466,18,61809,106,0,2,8,17424
20:39:27.921502,466,19,61809,106,0,2,8,17424
20:39:27.925145,467,7,61809,106,0,2,8,3752
20:39:27.925821,467,8,61809,106,0,2,8,17424
20:39:27.926302,467,9,61809,106,0,2,8,17424
20:39:27.930107,467,17,61809,106,0,2,8,3752
20:39:27.930639,467,18,61809,106,0,2,8,17424
20:39:27.931271,467,19,61809,94,12,2,8,15112
20:39:27.935124,468,7,61809,106,0,2,8,3752
20:39:27.935769,468,8,61809,106,0,2,8,17424
20:39:27.936186,468,9,61809,106,0,2,8,17424
20:39:27.939981,468,17,61809,44,0,2,8,1608
20:39:27.965612,471,8,49395,5,0,2,8,808
20:39:28.036116,478,8,61809,5,0,2,8,808
20:39:28.065594,481,8,49395,5,0,2,8,808
20:39:28.134820,488,8,61809,5,0,2,8,736
20:39:28.164980,491,8,49395,5,0,2,8,808
20:39:28.174466,492,7,49395,106,0,2,8,3752
20:39:28.175045,492,8,49395,106,0,2,8,17424
20:39:28.175543,492,9,49395,106,0,2,8,17424
20:39:28.179515,492,17,49395,106,0,2,8,3752
20:39:28.180193,492,18,49395,106,0,2,8,17424
20:39:28.180538,492,19,49395,106,0,2,8,17424
20:39:28.184687,493,7,49395,106,0,2,8,3752
20:39:28.185037,493,8,49395,106,0,2,8,17424
20:39:28.185516,493,9,49395,106,0,2,8,17424
20:39:28.189267,493,17,49395,106,0,2,8,3752
20:39:28.189891,493,18,49395,106,0,2,8,17424
20:39:28.190546,493,19,49395,94,12,2,8,15112
20:39:28.194283,494,7,49395,106,0,2,8,3752
20:39:28.194968,494,8,49395,106,0,2,8,17424
20:39:28.195609,494,9,49395,106,0,2,8,17424
20:39:28.199923,494,17,49395,106,0,2,8,3752
20:39:28.200648,494,18,49395,106,0,2,8,17424
20:39:28.201122,494,19,49395,106,0,2,8,17424
20:39:28.205938,495,7,49395,106,0,2,8,3752
20:39:28.206273,495,8,49395,106,0,2,8,17424
20:39:28.206789,495,9,49395,106,0,2,8,17424
20:39:28.211483,495,17,49395,106,0,2,8,3752
20:39:28.212062,495,18,49395,106,0,2,8,17424
20:39:28.212757,495,19,49395,94,12,2,8,15112
20:39:28.217095,496,7,49395,106,0,2,8,3752
20:39:28.217865,496,8,49395,106,0,2,8,15624
20:39:28.218387,496,9,49395,106,0,2,8,15624
20:39:28.222764,496,17,49395,106,0,2,8,3752
20:39:28.223446,496,18,49395,106,0,2,8,17424
20:39:28.224039,496,19,49395,106,0,2,8,17424
20:39:28.228426,497,7,49395,106,0,2,8,3752
20:39:28.229169,497,8,49395,106,0,2,8,17424
20:39:28.229765,497,9,49395,106,0,2,8,17424
20:39:28.234078,497,17,49395,106,0,2,8,3752
20:39:28.235019,497,18,49395,106,0,2,8,17424
20:39:28.235432,497,19,49395,94,12,2,8,15112
20:39:28.239840,498,7,49395,106,0,2,8,3752
20:39:28.240700,498,8,61809,5,0,2,8,808
20:39:28.240701,498,8,49395,101,5,2,8,16392
20:39:28.241123,498,9,49395,106,0,2,8,17424
20:39:28.245712,498,17,49395,106,0,2,8,3752
20:39:28.246416,498,18,49395,106,0,2,8,17424
20:39:28.246958,498,19,49395,106,0,2,8,17424
20:39:28.251465,499,7,49395,106,0,2,8,3752
20:39:28.252173,499,8,49395,106,0,2,8,17424
20:39:28.252829,499,9,49395,106,0,2,8,17424
20:39:28.257101,499,17,49395,106,0,2,8,3752
20:39:28.257818,499,18,49395,106,0,2,8,17424
20:39:28.258552,499,19,49395,94,12,2,8,15112
20:39:28.262788,500,7,49395,106,0,2,8,3752
20:39:28.263486,500,8,49395,106,0,2,8,17424
20:39:28.264252,500,9,49395,106,0,2,8,17424
20:39:28.268512,500,17,49395,106,0,2,8,3752
20:39:28.269229,500,18,49395,106,0,2,8,17424
20:39:28.269792,500,19,49395,106,0,2,8,17424
20:39:28.274085,501,7,49395,106,0,2,8,3752
20:39:28.274694,501,8,49395,106,0,2,8,17424
20:39:28.275246,501,9,49395,106,0,2,8,17424
20:39:28.279730,501,17,49395,106,0,2,8,3752
20:39:28.280474,501,18,49395,106,0,2,8,17424
20:39:28.281183,501,19,49395,94,12,2,8,15112
20:39:28.285479,502,7,49395,106,0,2,8,3752
20:39:28.286192,502,8,49395,106,0,2,8,17424
20:39:28.286773,502,9,49395,106,0,2,8,17424
20:39:28.291267,502,17,49395,44,0,2,8,1608
20:39:28.353568,508,8,61809,5,0,2,8,808
20:39:28.398518,512,8,49395,5,0,2,8,736
20:39:28.465518,518,8,61809,5,0,2,8,808
20:39:28.510291,522,8,49395,5,0,2,8,808
20:39:28.577443,528,8,61809,5,0,2,8,736
20:39:28.588163,529,7,61809,106,0,2,8,3752
20:39:28.588878,529,8,61809,106,0,2,8,17424
20:39:28.589400,529,9,61809,106,0,2,8,17424
20:39:28.593575,529,17,61809,106,0,2,8,3752
20:39:28.594354,529,18,61809,106,0,2,8,17424
20:39:28.594884,529,19,61809,94,12,2,8,15112
20:39:28.599488,530,7,61809,106,0,2,8,3752
20:39:28.599973,530,8,61809,106,0,2,8,17424
20:39:28.600491,530,9,61809,106,0,2,8,17424
20:39:28.604889,530,17,61809,106,0,2,8,3752
20:39:28.605689,530,18,61809,106,0,2,8,17424
20:39:28.606301,530,19,61809,106,0,2,8,17424
20:39:28.610625,531,7,61809,106,0,2,8,3752
20:39:28.611209,531,8,61809,106,0,2,8,17424
20:39:28.611733,531,9,61809,106,0,2,8,17424
20:39:28.616104,531,17,61809,106,0,2,8,3752
20:39:28.616779,531,18,61809,106,0,2,8,17424
20:39:28.617564,531,19,61809,94,12,2,8,15112
20:39:28.621958,532,7,61809,106,0,2,8,3752
20:39:28.622449,532,8,49395,5,0,2,8,808
20:39:28.622449,532,8,61809,101,5,2,8,16392
20:39:28.623004,532,9,61809,106,0,2,8,17424
20:39:28.627483,532,17,61809,106,0,2,8,3752
20:39:28.628132,532,18,61809,106,0,2,8,17424
20:39:28.628701,532,19,61809,106,0,2,8,17424
20:39:28.632997,533,7,61809,106,0,2,8,3752
20:39:28.633718,533,8,61809,106,0,2,8,17424
20:39:28.634307,533,9,61809,106,0,2,8,17424
20:39:28.638751,533,17,61809,106,0,2,8,3752
20:39:28.639415,533,18,61809,106,0,2,8,17424
20:39:28.640102,533,19,61809,94,12,2,8,15112
20:39:28.644341,534,7,61809,106,0,2,8,3752
20:39:28.645084,534,8,61809,106,0,2,8,17424
20:39:28.645701,534,9,61809,106,0,2,8,17424
20:39:28.650198,534,17,61809,106,0,2,8,3752
20:39:28.650785,534,18,61809,106,0,2,8,17424
20:39:28.651398,534,19,61809,106,0,2,8,17424
20:39:28.655901,535,7,61809,106,0,2,8,3752
20:39:28.656549,535,8,61809,106,0,2,8,17424
20:39:28.657069,535,9,61809,106,0,2,8,17424
20:39:28.661261,535,17,61809,106,0,2,8,3752
20:39:28.662012,535,18,61809,106,0,2,8,17424
20:39:28.662895,535,19,61809,94,12,2,8,15112
20:39:28.667069,536,7,61809,106,0,2,8,3752
20:39:28.667554,536,8,61809,106,0,2,8,15624
20:39:28.668260,536,9,61809,106,0,2,8,15624
20:39:28.672565,536,17,61809,106,0,2,8,3752
20:39:28.673255,536,18,61809,106,0,2,8,17424
20:39:28.673762,536,19,61809,106,0,2,8,17424
20:39:28.678090,537,7,61809,106,0,2,8,3752
20:39:28.678843,537,8,61809,106,0,2,8,17424
20:39:28.679398,537,9,61809,106,0,2,8,17424
20:39:28.683856,537,17,61809,106,0,2,8,3752
20:39:28.684377,537,18,61809,106,0,2,8,17424
20:39:28.684998,537,19,61809,94,12,2,8,15112
20:39:28.689421,538,7,61809,106,0,2,8,3752
20:39:28.690121,538,8,61809,106,0,2,8,17424
20:39:28.690702,538,9,61809,106,0,2,8,17424
20:39:28.694907,538,17,61809,106,0,2,8,3752
20:39:28.695702,538,18,61809,106,0,2,8,17424
20:39:28.696107,538,19,61809,106,0,2,8,17424
20:39:28.700611,539,7,61809,106,0,2,8,3752
20:39:28.701283,539,8,61809,106,0,2,8,17424
20:39:28.701842,539,9,61809,106,0,2,8,17424
20:39:28.706215,539,17,61809,44,0,2,8,1608
20:39:28.734675,542,8,49395,5,0,2,8,808
20:39:28.813629,549,8,61809,5,0,2,8,808
20:39:28.846938,552,8,49395,5,0,2,8,736
20:39:28.857515,553,7,49395,106,0,2,8,3752
20:39:28.858184,553,8,49395,106,0,2,8,17424
20:39:28.858622,553,9,49395,106,0,2,8,17424
20:39:28.863193,553,17,49395,106,0,2,8,3752
20:39:28.863911,553,18,49395,106,0,2,8,17424
20:39:28.864697,553,19,49395,94,12,2,8,15112
20:39:28.868836,554,7,49395,106,0,2,8,3752
20:39:28.869413,554,8,49395,106,0,2,8,17424
20:39:28.870138,554,9,49395,106,0,2,8,17424
20:39:28.874714,554,17,49395,106,0,2,8,3752
20:39:28.875289,554,18,49395,106,0,2,8,17424
20:39:28.875959,554,19,49395,106,0,2,8,17424
20:39:28.880256,555,7,49395,106,0,2,8,3752
20:39:28.880936,555,8,49395,106,0,2,8,17424
20:39:28.881430,555,9,49395,106,0,2,8,17424
20:39:28.886020,555,17,49395,106,0,2,8,3752
20:39:28.886813,555,18,49395,106,0,2,8,17424
20:39:28.887446,555,19,49395,94,12,2,8,15112
20:39:28.891807,556,7,49395,106,0,2,8,3752
20:39:28.892525,556,8,49395,106,0,2,8,17424
20:39:28.893085,556,9,49395,106,0,2,8,17424
20:39:28.897616,556,17,49395,106,0,2,8,3752
20:39:28.898193,556,18,49395,106,0,2,8,17424
20:39:28.898744,556,19,49395,106,0,2,8,17424
20:39:28.903496,557,7,49395,106,0,2,8,3752
20:39:28.904232,557,8,49395,106,0,2,8,17424
20:39:28.904754,557,9,49395,106,0,2,8,17424
20:39:28.909364,557,17,49395,106,0,2,8,3752
20:39:28.910009,557,18,49395,106,0,2,8,17424
20:39:28.910683,557,19,49395,94,12,2,8,15112
20:39:28.914891,558,7,49395,106,0,2,8,3752
20:39:28.915698,558,8,49395,106,0,2,8,17424
20:39:28.916235,558,9,49395,106,0,2,8,17424
20:39:28.920969,558,17,49395,106,0,2,8,3752
20:39:28.921504,558,18,49395,106,0,2,8,17424
20:39:28.921968,558,19,49395,106,0,2,8,17424
20:39:28.926967,559,7,49395,106,0,2,8,3752
20:39:28.927333,559,8,61809,5,0,2,8,808
20:39:28.927333,559,8,49395,101,5,2,8,16392
20:39:28.927842,559,9,49395,106,0,2,8,17424
20:39:28.932417,559,17,49395,106,0,2,8,3752
20:39:28.933165,559,18,49395,106,0,2,8,17424
20:39:28.933874,559,19,49395,94,12,2,8,15112
20:39:28.938363,560,7,49395,106,0,2,8,3752
20:39:28.939003,560,8,49395,106,0,2,8,15624
20:39:28.939544,560,9,49395,106,0,2,8,15624
20:39:28.944083,560,17,49395,106,0,2,8,3752
20:39:28.944745,560,18,49395,106,0,2,8,17424
20:39:28.945284,560,19,49395,106,0,2,8,17424
20:39:28.949838,561,7,49395,106,0,2,8,3752
20:39:28.950593,561,8,49395,106,0,2,8,17424
20:39:28.951200,561,9,49395,106,0,2,8,17424
20:39:28.955521,561,17,49395,106,0,2,8,3752
20:39:28.956270,561,18,49395,106,0,2,8,17424
20:39:28.956887,561,19,49395,94,12,2,8,15112
20:39:28.961235,562,7,49395,106,0,2,8,3752
20:39:28.961955,562,8,49395,106,0,2,8,17424
20:39:28.962567,562,9,49395,106,0,2,8,17424
20:39:28.967182,562,17,49395,106,0,2,8,3752
20:39:28.967721,562,18,49395,106,0,2,8,17424
20:39:28.968303,562,19,49395,106,0,2,8,17424
20:39:28.973064,563,7,49395,106,0,2,8,3752
20:39:28.973721,563,8,49395,106,0,2,8,17424
20:39:28.974344,563,9,49395,106,0,2,8,17424
20:39:28.978632,563,17,49395,44,0,2,8,1608
20:39:29.043260,569,8,61809,5,0,2,8,808
20:39:29.089814,573,8,49395,5,0,2,8,808
20:39:29.159072,579,8,61809,5,0,2,8,808
20:39:29.205360,583,8,49395,5,0,2,8,808
20:39:29.262507,588,7,61809,5,0,2,8,176
20:39:29.274417,589,7,61809,106,0,2,8,3752
20:39:29.274993,589,8,61809,106,0,2,8,17424
20:39:29.275573,589,9,61809,106,0,2,8,17424
20:39:29.280029,589,17,61809,106,0,2,8,3752
20:39:29.280787,589,18,61809,106,0,2,8,17424
20:39:29.281442,589,19,61809,94,12,2,8,15112
20:39:29.286116,590,7,61809,106,0,2,8,3752
20:39:29.286824,590,8,61809,106,0,2,8,17424
20:39:29.287280,590,9,61809,106,0,2,8,17424
20:39:29.291824,590,17,61809,106,0,2,8,3752
20:39:29.292513,590,18,61809,106,0,2,8,17424
20:39:29.293107,590,19,61809,106,0,2,8,17424
20:39:29.297822,591,7,61809,106,0,2,8,3752
20:39:29.298472,591,8,61809,106,0,2,8,17424
20:39:29.298971,591,9,61809,106,0,2,8,17424
20:39:29.303475,591,17,61809,106,0,2,8,3752
20:39:29.304160,591,18,61809,106,0,2,8,17424
20:39:29.304907,591,19,61809,94,12,2,8,15112
20:39:29.309246,592,7,61809,106,0,2,8,3752
20:39:29.309966,592,8,61809,106,0,2,8,15624
20:39:29.310842,592,9,61809,106,0,2,8,15624
20:39:29.315120,592,17,61809,106,0,2,8,3752
20:39:29.315835,592,18,61809,106,0,2,8,17424
20:39:29.316372,592,19,61809,106,0,2,8,17424
20:39:29.321089,593,7,61809,106,0,2,8,3752
20:39:29.322088,593,8,49395,5,0,2,8,808
20:39:29.322088,593,8,61809,101,5,2,8,16392
20:39:29.322514,593,9,61809,106,0,2,8,17424
20:39:29.326624,593,17,61809,106,0,2,8,3752
20:39:29.327388,593,18,61809,106,0,2,8,17424
20:39:29.327986,593,19,61809,94,12,2,8,15112
20:39:29.332330,594,7,61809,106,0,2,8,3752
20:39:29.333316,594,8,61809,106,0,2,8,17424
20:39:29.333768,594,9,61809,106,0,2,8,17424
20:39:29.338032,594,17,61809,106,0,2,8,3752
20:39:29.338825,594,18,61809,106,0,2,8,17424
20:39:29.339371,594,19,61809,106,0,2,8,17424
20:39:29.344138,595,7,61809,106,0,2,8,3752
20:39:29.344557,595,8,61809,106,0,2,8,17424
20:39:29.345261,595,9,61809,106,0,2,8,17424
20:39:29.349777,595,17,61809,106,0,2,8,3752
20:39:29.350426,595,18,61809,106,0,2,8,17424
20:39:29.351240,595,19,61809,94,12,2,8,15112
20:39:29.355941,596,7,61809,106,0,2,8,3752
20:39:29.356518,596,8,61809,106,0,2,8,17424
20:39:29.357109,596,9,61809,106,0,2,8,17424
20:39:29.361645,596,17,61809,106,0,2,8,3752
20:39:29.362357,596,18,61809,106,0,2,8,17424
20:39:29.362937,596,19,61809,106,0,2,8,17424
20:39:29.367564,597,7,61809,106,0,2,8,3752
20:39:29.368077,597,8,61809,106,0,2,8,17424
20:39:29.368549,597,9,61809,106,0,2,8,17424
20:39:29.372933,597,17,61809,106,0,2,8,3752
20:39:29.373506,597,18,61809,106,0,2,8,17424
20:39:29.374243,597,19,61809,94,12,2,8,15112
20:39:29.378849,598,7,61809,106,0,2,8,3752
20:39:29.379420,598,8,61809,106,0,2,8,17424
20:39:29.380020,598,9,61809,106,0,2,8,17424
20:39:29.384386,598,17,61809,106,0,2,8,3752
20:39:29.385159,598,18,61809,106,0,2,8,17424
20:39:29.385719,598,19,61809,106,0,2,8,17424
20:39:29.390175,599,7,61809,106,0,2,8,3752
20:39:29.390733,599,8,61809,106,0,2,8,17424
20:39:29.391266,599,9,61809,106,0,2,8,17424
20:39:29.395709,599,17,61809,86,0,2,8,3104
20:39:29.436825,603,8,49395,5,0,2,8,808
20:39:29.505557,609,8,61809,5,0,2,8,808
20:39:29.644512,613,8,49395,5,0,2,8,808
20:39:29.655465,614,7,49395,106,0,2,8,3752
20:39:29.656245,614,8,49395,106,0,2,8,17424
20:39:29.656864,614,9,49395,106,0,2,8,17424
20:39:29.661202,614,17,49395,106,0,2,8,3752
20:39:29.661867,614,18,49395,106,0,2,8,17424
20:39:29.662458,614,19,49395,106,0,2,8,17424
20:39:29.667204,615,7,49395,106,0,2,8,3752
20:39:29.667988,615,8,49395,106,0,2,8,17424
20:39:29.668531,615,9,49395,106,0,2,8,17424
20:39:29.672989,615,17,49395,106,0,2,8,3752
20:39:29.673638,615,18,49395,106,0,2,8,17424
20:39:29.674355,615,19,49395,94,12,2,8,15112
20:39:29.678768,616,7,49395,106,0,2,8,3752
20:39:29.679692,616,8,49395,106,0,2,8,15624
20:39:29.680108,616,9,49395,106,0,2,8,15624
20:39:29.684743,616,17,49395,106,0,2,8,3752
20:39:29.685401,616,18,49395,106,0,2,8,17424
20:39:29.685982,616,19,49395,106,0,2,8,17424
20:39:29.690589,617,7,49395,106,0,2,8,3752
20:39:29.691452,617,8,49395,106,0,2,8,17424
20:39:29.691940,617,9,49395,106,0,2,8,17424
20:39:29.696612,617,17,49395,106,0,2,8,3752
20:39:29.697139,617,18,49395,106,0,2,8,17424
20:39:29.697802,617,19,49395,94,12,2,8,15112
20:39:29.702276,618,7,49395,106,0,2,8,3752
20:39:29.703133,618,8,49395,106,0,2,8,17424
20:39:29.703543,618,9,49395,106,0,2,8,17424
20:39:29.708069,618,17,49395,106,0,2,8,3752
20:39:29.708650,618,18,49395,106,0,2,8,17424
20:39:29.709209,618,19,49395,106,0,2,8,17424
20:39:29.713816,619,7,49395,106,0,2,8,3752
20:39:29.714479,619,8,61809,5,0,2,8,808
20:39:29.714479,619,8,49395,101,5,2,8,16392
20:39:29.715201,619,9,49395,106,0,2,8,17424
20:39:29.719499,619,17,49395,106,0,2,8,3752
20:39:29.720161,619,18,49395,106,0,2,8,17424
20:39:29.720929,619,19,49395,94,12,2,8,15112
20:39:29.725623,620,7,49395,106,0,2,8,3752
20:39:29.726262,620,8,49395,106,0,2,8,17424
20:39:29.726833,620,9,49395,106,0,2,8,17424
20:39:29.731147,620,17,49395,106,0,2,8,3752
20:39:29.731861,620,18,49395,106,0,2,8,17424
20:39:29.732492,620,19,49395,106,0,2,8,17424
20:39:29.737034,621,7,49395,106,0,2,8,3752
20:39:29.737737,621,8,49395,106,0,2,8,17424
20:39:29.738400,621,9,49395,106,0,2,8,17424
20:39:29.742615,621,17,49395,106,0,2,8,3752
20:39:29.743347,621,18,49395,106,0,2,8,17424
20:39:29.744095,621,19,49395,94,12,2,8,15112
20:39:29.748295,622,7,49395,106,0,2,8,3752
20:39:29.749027,622,8,49395,106,0,2,8,17424
20:39:29.749578,622,9,49395,106,0,2,8,17424
20:39:29.754193,622,17,49395,106,0,2,8,3752
20:39:29.754782,622,18,49395,106,0,2,8,17424
20:39:29.755350,622,19,49395,106,0,2,8,17424
20:39:29.759722,623,7,49395,106,0,2,8,3752
20:39:29.760719,623,8,49395,106,0,2,8,17424
20:39:29.761070,623,9,49395,106,0,2,8,17424
20:39:29.765432,623,17,49395,106,0,2,8,3752
20:39:29.766191,623,18,49395,106,0,2,8,17424
20:39:29.766944,623,19,49395,94,12,2,8,15112
20:39:29.771181,624,7,49395,106,0,2,8,3752
20:39:29.772096,624,8,49395,106,0,2,8,15624
20:39:29.772564,624,9,49395,106,0,2,8,15624
20:39:29.776787,624,17,49395,44,0,2,8,1608
20:39:29.828104,629,8,61809,5,0,2,8,808
20:39:29.884621,634,8,49395,5,0,2,8,808
20:39:29.935541,639,8,61809,5,0,2,8,808
20:39:29.945165,640,7,61809,106,0,2,8,3752
20:39:29.945948,640,8,61809,106,0,2,8,15624
20:39:29.946329,640,9,61809,106,0,2,8,15624
20:39:29.950290,640,17,61809,106,0,2,8,3752
20:39:29.950919,640,18,61809,106,0,2,8,17424
20:39:29.951411,640,19,61809,106,0,2,8,17424
20:39:29.955535,641,7,61809,106,0,2,8,3752
20:39:29.956083,641,8,61809,106,0,2,8,17424
20:39:29.956569,641,9,61809,106,0,2,8,17424
20:39:29.960565,641,17,61809,106,0,2,8,3752
20:39:29.961141,641,18,61809,106,0,2,8,17424
20:39:29.961786,641,19,61809,94,12,2,8,15112
20:39:29.965902,642,7,61809,106,0,2,8,3752
20:39:29.966391,642,8,61809,106,0,2,8,17424
20:39:29.966892,642,9,61809,106,0,2,8,17424
20:39:29.970903,642,17,61809,106,0,2,8,3752
20:39:29.971529,642,18,61809,106,0,2,8,17424
20:39:29.971985,642,19,61809,106,0,2,8,17424
20:39:29.976090,643,7,61809,106,0,2,8,3752
20:39:29.976810,643,8,61809,106,0,2,8,17424
20:39:29.977347,643,9,61809,106,0,2,8,17424
20:39:29.981215,643,17,61809,106,0,2,8,3752
20:39:29.981816,643,18,61809,106,0,2,8,17424
20:39:29.982454,643,19,61809,94,12,2,8,15112
20:39:29.986298,644,7,61809,106,0,2,8,3752
20:39:29.986956,644,8,49395,5,0,2,8,808
20:39:29.986957,644,8,61809,101,5,2,8,16392
20:39:29.987385,644,9,61809,106,0,2,8,17424
20:39:29.991830,644,17,61809,106,0,2,8,3752
20:39:29.992179,644,18,61809,106,0,2,8,17424
20:39:29.992460,644,19,61809,106,0,2,8,17424
20:39:29.996441,645,7,61809,106,0,2,8,3752
20:39:29.997074,645,8,61809,106,0,2,8,17424
20:39:29.997571,645,9,61809,106,0,2,8,17424
20:39:30.001609,645,17,61809,106,0,2,8,3752
20:39:30.002173,645,18,61809,106,0,2,8,17424
20:39:30.002798,645,19,61809,94,12,2,8,15112
20:39:30.006719,646,7,61809,106,0,2,8,3752
20:39:30.007333,646,8,61809,106,0,2,8,17424
20:39:30.007790,646,9,61809,106,0,2,8,17424
20:39:30.011864,646,17,61809,106,0,2,8,3752
20:39:30.012469,646,18,61809,106,0,2,8,17424
20:39:30.013114,646,19,61809,106,0,2,8,17424
20:39:30.017396,647,7,61809,106,0,2,8,3752
20:39:30.017778,647,8,61809,106,0,2,8,17424
20:39:30.018270,647,9,61809,106,0,2,8,17424
20:39:30.022209,647,17,61809,106,0,2,8,3752
20:39:30.022985,647,18,61809,106,0,2,8,17424
20:39:30.023678,647,19,61809,94,12,2,8,15112
20:39:30.027331,648,7,61809,106,0,2,8,3752
20:39:30.027998,648,8,61809,106,0,2,8,15624
20:39:30.028678,648,9,61809,106,0,2,8,15624
20:39:30.033157,648,17,61809,106,0,2,8,3752
20:39:30.033591,648,18,61809,106,0,2,8,17424
20:39:30.033911,648,19,61809,106,0,2,8,17424
20:39:30.037963,649,7,61809,106,0,2,8,3752
20:39:30.038613,649,8,61809,106,0,2,8,17424
20:39:30.039143,649,9,61809,106,0,2,8,17424
20:39:30.043519,649,17,61809,106,0,2,8,3752
20:39:30.044016,649,18,61809,106,0,2,8,17424
20:39:30.044604,649,19,61809,94,12,2,8,15112
20:39:30.048714,650,7,61809,106,0,2,8,3752
20:39:30.049322,650,8,61809,106,0,2,8,17424
20:39:30.049767,650,9,61809,106,0,2,8,17424
20:39:30.053796,650,17,61809,106,0,2,8,3752
20:39:30.054492,650,18,61809,29,0,2,8,4736
20:39:30.090624,654,8,49395,5,0,2,8,808
20:39:30.152776,660,8,61809,5,0,2,8,808
20:39:30.194103,664,8,49395,5,0,2,8,736
20:39:30.256418,670,8,61809,5,0,2,8,808
20:39:30.297803,674,8,49395,5,0,2,8,808
20:39:30.307681,675,7,49395,106,0,2,8,3752
20:39:30.308296,675,8,49395,106,0,2,8,17424
20:39:30.308745,675,9,49395,106,0,2,8,17424
20:39:30.312971,675,17,49395,106,0,2,8,3752
20:39:30.313618,675,18,49395,106,0,2,8,17424
20:39:30.314251,675,19,49395,94,12,2,8,15112
20:39:30.317957,676,7,49395,106,0,2,8,3752
20:39:30.318693,676,8,49395,106,0,2,8,17424
20:39:30.319081,676,9,49395,106,0,2,8,17424
20:39:30.323842,676,17,49395,106,0,2,8,3752
20:39:30.324154,676,18,49395,106,0,2,8,17424
20:39:30.324432,676,19,49395,106,0,2,8,17424
20:39:30.328321,677,7,49395,106,0,2,8,3752
20:39:30.328965,677,8,49395,106,0,2,8,17424
20:39:30.329487,677,9,49395,106,0,2,8,17424
20:39:30.333847,677,17,49395,106,0,2,8,3752
20:39:30.334269,677,18,49395,106,0,2,8,17424
20:39:30.335392,677,19,49395,94,12,2,8,15112
20:39:30.338805,678,7,49395,106,0,2,8,3752
20:39:30.339399,678,8,49395,106,0,2,8,17424
20:39:30.339882,678,9,49395,106,0,2,8,17424
20:39:30.344367,678,17,49395,106,0,2,8,3752
20:39:30.344677,678,18,49395,106,0,2,8,17424
20:39:30.345281,678,19,49395,106,0,2,8,17424
20:39:30.349146,679,7,49395,106,0,2,8,3752
20:39:30.349815,679,8,49395,106,0,2,8,17424
20:39:30.350350,679,9,49395,106,0,2,8,17424
20:39:30.354527,679,17,49395,106,0,2,8,3752
20:39:30.355102,679,18,49395,106,0,2,8,17424
20:39:30.355770,679,19,49395,94,12,2,8,15112
20:39:30.359597,680,7,49395,106,0,2,8,3752
20:39:30.360392,680,8,61809,5,0,2,8,736
20:39:30.360393,680,8,49395,101,5,2,8,14856
20:39:30.360815,680,9,49395,106,0,2,8,15624
20:39:30.364842,680,17,49395,106,0,2,8,3752
20:39:30.365518,680,18,49395,106,0,2,8,17424
20:39:30.366035,680,19,49395,106,0,2,8,17424
20:39:30.370147,681,7,49395,106,0,2,8,3752
20:39:30.370782,681,8,49395,106,0,2,8,17424
20:39:30.371226,681,9,49395,106,0,2,8,17424
20:39:30.375240,681,17,49395,106,0,2,8,3752
20:39:30.375911,681,18,49395,106,0,2,8,17424
20:39:30.376619,681,19,49395,94,12,2,8,15112
20:39:30.380658,682,7,49395,106,0,2,8,3752
20:39:30.381219,682,8,49395,106,0,2,8,17424
20:39:30.381691,682,9,49395,106,0,2,8,17424
20:39:30.385918,682,17,49395,106,0,2,8,3752
20:39:30.386410,682,18,49395,106,0,2,8,17424
20:39:30.386927,682,19,49395,106,0,2,8,17424
20:39:30.391076,683,7,49395,106,0,2,8,3752
20:39:30.391761,683,8,49395,106,0,2,8,17424
20:39:30.392427,683,9,49395,106,0,2,8,17424
20:39:30.396401,683,17,49395,106,0,2,8,3752
20:39:30.397048,683,18,49395,106,0,2,8,17424
20:39:30.397645,683,19,49395,94,12,2,8,15112
20:39:30.401710,684,7,49395,106,0,2,8,3752
20:39:30.402366,684,8,49395,106,0,2,8,17424
20:39:30.402805,684,9,49395,106,0,2,8,17424
20:39:30.407828,684,17,49395,106,0,2,8,3752
20:39:30.408045,684,18,49395,106,0,2,8,17424
20:39:30.408246,684,19,49395,106,0,2,8,17424
20:39:30.412214,685,7,49395,106,0,2,8,3752
20:39:30.412861,685,8,49395,106,0,2,8,17424
20:39:30.413210,685,9,49395,106,0,2,8,17424
20:39:30.417441,685,17,49395,33,0,2,8,1160
20:39:30.468229,690,8,61809,5,0,2,8,808
20:39:30.524684,695,8,49395,5,0,2,8,808
20:39:30.584705,700,8,61809,5,0,2,8,808
20:39:30.641720,705,8,49395,5,0,2,8,808
20:39:30.686457,709,7,61809,5,0,2,8,176
20:39:30.698126,710,7,61809,106,0,2,8,3752
20:39:30.698524,710,8,61809,106,0,2,8,17424
20:39:30.699262,710,9,61809,106,0,2,8,17424
20:39:30.703707,710,17,61809,106,0,2,8,3752
20:39:30.704332,710,18,61809,106,0,2,8,17424
20:39:30.704905,710,19,61809,106,0,2,8,17424
20:39:30.709431,711,7,61809,106,0,2,8,3752
20:39:30.710134,711,8,61809,106,0,2,8,17424
20:39:30.710615,711,9,61809,106,0,2,8,17424
20:39:30.715092,711,17,61809,106,0,2,8,3752
20:39:30.715803,711,18,61809,106,0,2,8,17424
20:39:30.716555,711,19,61809,94,12,2,8,15112
20:39:30.721009,712,7,61809,106,0,2,8,3752
20:39:30.721610,712,8,61809,106,0,2,8,15624
20:39:30.722192,712,9,61809,106,0,2,8,15624
20:39:30.726739,712,17,61809,106,0,2,8,3752
20:39:30.727432,712,18,61809,106,0,2,8,17424
20:39:30.727963,712,19,61809,106,0,2,8,17424
20:39:30.732300,713,7,61809,106,0,2,8,3752
20:39:30.732940,713,8,61809,106,0,2,8,17424
20:39:30.733512,713,9,61809,106,0,2,8,17424
20:39:30.738007,713,17,61809,106,0,2,8,3752
20:39:30.738671,713,18,61809,106,0,2,8,17424
20:39:30.739661,713,19,61809,94,12,2,8,15112
20:39:30.743732,714,7,61809,106,0,2,8,3752
20:39:30.744409,714,8,61809,106,0,2,8,17424
20:39:30.744967,714,9,61809,106,0,2,8,17424
20:39:30.749548,714,17,61809,106,0,2,8,3752
20:39:30.750238,714,18,61809,106,0,2,8,17424
20:39:30.750855,714,19,61809,106,0,2,8,17424
20:39:30.755211,715,7,61809,106,0,2,8,3752
20:39:30.756079,715,8,49395,5,0,2,8,808
20:39:30.756079,715,8,61809,101,5,2,8,16392
20:39:30.756508,715,9,61809,106,0,2,8,17424
20:39:30.761125,715,17,61809,106,0,2,8,3752
20:39:30.761759,715,18,61809,106,0,2,8,17424
20:39:30.762425,715,19,61809,94,12,2,8,15112
20:39:30.766763,716,7,61809,106,0,2,8,3752
20:39:30.767392,716,8,61809,106,0,2,8,17424
20:39:30.768128,716,9,61809,106,0,2,8,17424
20:39:30.773006,716,17,61809,106,0,2,8,3752
20:39:30.773442,716,18,61809,106,0,2,8,17424
20:39:30.773949,716,19,61809,106,0,2,8,17424
20:39:30.778377,717,7,61809,106,0,2,8,3752
20:39:30.779076,717,8,61809,106,0,2,8,17424
20:39:30.779638,717,9,61809,106,0,2,8,17424
20:39:30.784307,717,17,61809,106,0,2,8,3752
20:39:30.784886,717,18,61809,106,0,2,8,17424
20:39:30.785474,717,19,61809,94,12,2,8,15112
20:39:30.789925,718,7,61809,106,0,2,8,3752
20:39:30.790457,718,8,61809,106,0,2,8,17424
20:39:30.791060,718,9,61809,106,0,2,8,17424
20:39:30.795443,718,17,61809,106,0,2,8,3752
20:39:30.796094,718,18,61809,106,0,2,8,17424
20:39:30.796771,718,19,61809,106,0,2,8,17424
20:39:30.801288,719,7,61809,106,0,2,8,3752
20:39:30.801826,719,8,61809,106,0,2,8,17424
20:39:30.802323,719,9,61809,106,0,2,8,17424
20:39:30.807174,719,17,61809,106,0,2,8,3752
20:39:30.807584,719,18,61809,106,0,2,8,17424
20:39:30.808229,719,19,61809,94,12,2,8,15112
20:39:30.812417,720,7,61809,106,0,2,8,3752
20:39:30.813299,720,8,61809,106,0,2,8,15624
20:39:30.813812,720,9,61809,106,0,2,8,15624
20:39:30.818172,720,17,61809,86,0,2,8,3104
20:39:30.870417,725,8,49395,5,0,2,8,808
20:39:30.927129,730,8,61809,5,0,2,8,808
20:39:30.983814,735,8,49395,5,0,2,8,808
20:39:31.040092,740,8,61809,5,0,2,8,808
20:39:31.097073,745,8,49395,5,0,2,8,808
20:39:31.107824,746,7,49395,106,0,2,8,3752
20:39:31.108482,746,8,49395,106,0,2,8,17424
20:39:31.109029,746,9,49395,106,0,2,8,17424
20:39:31.114031,746,17,49395,106,0,2,8,3752
20:39:31.114286,746,18,49395,106,0,2,8,17424
20:39:31.114934,746,19,49395,106,0,2,8,17424
20:39:31.119462,747,7,49395,106,0,2,8,3752
20:39:31.120116,747,8,49395,106,0,2,8,17424
20:39:31.120587,747,9,49395,106,0,2,8,17424
20:39:31.125128,747,17,49395,106,0,2,8,3752
20:39:31.126076,747,18,49395,106,0,2,8,17424
20:39:31.126485,747,19,49395,94,12,2,8,15112
20:39:31.130971,748,7,49395,106,0,2,8,3752
20:39:31.131525,748,8,49395,106,0,2,8,17424
20:39:31.132073,748,9,49395,106,0,2,8,17424
20:39:31.136628,748,17,49395,106,0,2,8,3752
20:39:31.137355,748,18,49395,106,0,2,8,17424
20:39:31.137853,748,19,49395,106,0,2,8,17424
20:39:31.142291,749,7,49395,106,0,2,8,3752
20:39:31.142889,749,8,49395,106,0,2,8,17424
20:39:31.143469,749,9,49395,106,0,2,8,17424
20:39:31.147992,749,17,49395,106,0,2,8,3752
20:39:31.148589,749,18,49395,106,0,2,8,17424
20:39:31.149297,749,19,49395,94,12,2,8,15112
20:39:31.153734,750,7,49395,106,0,2,8,3752
20:39:31.154394,750,8,61809,5,0,2,8,808
20:39:31.154395,750,8,49395,101,5,2,8,16392
20:39:31.154843,750,9,49395,106,0,2,8,17424
20:39:31.159740,750,17,49395,106,0,2,8,3752
20:39:31.160208,750,18,49395,106,0,2,8,17424
20:39:31.160798,750,19,49395,106,0,2,8,17424
20:39:31.165087,751,7,49395,106,0,2,8,3752
20:39:31.165853,751,8,49395,106,0,2,8,17424
20:39:31.166497,751,9,49395,106,0,2,8,17424
20:39:31.170878,751,17,49395,106,0,2,8,3752
20:39:31.171781,751,18,49395,106,0,2,8,17424
20:39:31.172497,751,19,49395,94,12,2,8,15112
20:39:31.176716,752,7,49395,106,0,2,8,3752
20:39:31.177352,752,8,49395,106,0,2,8,15624
20:39:31.178031,752,9,49395,106,0,2,8,15624
20:39:31.182311,752,17,49395,106,0,2,8,3752
20:39:31.182851,752,18,49395,106,0,2,8,17424
20:39:31.183401,752,19,49395,106,0,2,8,17424
20:39:31.187966,753,7,49395,106,0,2,8,3752
20:39:31.188791,753,8,49395,106,0,2,8,17424
20:39:31.189366,753,9,49395,106,0,2,8,17424
20:39:31.193872,753,17,49395,106,0,2,8,3752
20:39:31.194377,753,18,49395,106,0,2,8,17424
20:39:31.195008,753,19,49395,94,12,2,8,15112
20:39:31.199686,754,7,49395,106,0,2,8,3752
20:39:31.200283,754,8,49395,106,0,2,8,17424
20:39:31.200898,754,9,49395,106,0,2,8,17424
20:39:31.205452,754,17,49395,106,0,2,8,3752
20:39:31.206171,754,18,49395,106,0,2,8,17424
20:39:31.206724,754,19,49395,106,0,2,8,17424
20:39:31.211091,755,7,49395,106,0,2,8,3752
20:39:31.211755,755,8,49395,106,0,2,8,17424
20:39:31.212294,755,9,49395,106,0,2,8,17424
20:39:31.216823,755,17,49395,106,0,2,8,3752
20:39:31.217508,755,18,49395,106,0,2,8,17424
20:39:31.218432,755,19,49395,94,12,2,8,15112
20:39:31.222527,756,7,49395,106,0,2,8,3752
20:39:31.223089,756,8,49395,106,0,2,8,17424
20:39:31.223669,756,9,49395,106,0,2,8,17424
20:39:31.228348,756,17,49395,44,0,2,8,1608
20:39:31.268713,760,8,61809,5,0,2,8,736
20:39:31.336630,766,8,49395,5,0,2,8,808
20:39:31.382130,770,8,61809,5,0,2,8,808
20:39:31.393030,771,7,61809,106,0,2,8,3752
20:39:31.393795,771,8,61809,106,0,2,8,17424
20:39:31.394368,771,9,61809,106,0,2,8,17424
20:39:31.398888,771,17,61809,106,0,2,8,3752
20:39:31.399480,771,18,61809,106,0,2,8,17424
20:39:31.400092,771,19,61809,94,12,2,8,15112
20:39:31.404676,772,7,61809,106,0,2,8,3752
20:39:31.405186,772,8,61809,106,0,2,8,17424
20:39:31.405816,772,9,61809,106,0,2,8,17424
20:39:31.410351,772,17,61809,106,0,2,8,3752
20:39:31.410992,772,18,61809,106,0,2,8,17424
20:39:31.411549,772,19,61809,106,0,2,8,17424
20:39:31.416027,773,7,61809,106,0,2,8,3752
20:39:31.416675,773,8,61809,106,0,2,8,17424
20:39:31.417250,773,9,61809,106,0,2,8,17424
20:39:31.421866,773,17,61809,106,0,2,8,3752
20:39:31.422410,773,18,61809,106,0,2,8,17424
20:39:31.423021,773,19,61809,94,12,2,8,15112
20:39:31.427275,774,7,61809,106,0,2,8,3752
20:39:31.428050,774,8,61809,106,0,2,8,17424
20:39:31.428655,774,9,61809,106,0,2,8,17424
20:39:31.432937,774,17,61809,106,0,2,8,3752
20:39:31.433710,774,18,61809,106,0,2,8,17424
20:39:31.434184,774,19,61809,106,0,2,8,17424
20:39:31.438658,775,7,61809,106,0,2,8,3752
20:39:31.439286,775,8,61809,106,0,2,8,17424
20:39:31.440023,775,9,61809,106,0,2,8,17424
20:39:31.444529,775,17,61809,106,0,2,8,3752
20:39:31.445179,775,18,61809,106,0,2,8,17424
20:39:31.445741,775,19,61809,94,12,2,8,15112
20:39:31.450038,776,7,61809,106,0,2,8,3752
20:39:31.450809,776,8,49395,5,0,2,8,736
20:39:31.450809,776,8,61809,101,5,2,8,14856
20:39:31.451502,776,9,61809,106,0,2,8,15624
20:39:31.455914,776,17,61809,106,0,2,8,3752
20:39:31.456370,776,18,61809,106,0,2,8,17424
20:39:31.456963,776,19,61809,106,0,2,8,17424
20:39:31.461962,777,7,61809,106,0,2,8,3752
20:39:31.462771,777,8,61809,106,0,2,8,17424
20:39:31.463649,777,9,61809,106,0,2,8,17424
20:39:31.467349,777,17,61809,106,0,2,8,3752
20:39:31.468358,777,18,61809,106,0,2,8,17424
20:39:31.468665,777,19,61809,94,12,2,8,15112
20:39:31.473172,778,7,61809,106,0,2,8,3752
20:39:31.473912,778,8,61809,106,0,2,8,17424
20:39:31.474445,778,9,61809,106,0,2,8,17424
20:39:31.479113,778,17,61809,106,0,2,8,3752
20:39:31.479855,778,18,61809,106,0,2,8,17424
20:39:31.480528,778,19,61809,106,0,2,8,17424
20:39:31.484542,779,7,61809,106,0,2,8,3752
20:39:31.485617,779,8,61809,106,0,2,8,17424
20:39:31.485959,779,9,61809,106,0,2,8,17424
20:39:31.490228,779,17,61809,106,0,2,8,3752
20:39:31.490958,779,18,61809,106,0,2,8,17424
20:39:31.492041,779,19,61809,94,12,2,8,15112
20:39:31.496704,780,7,61809,106,0,2,8,3752
20:39:31.497118,780,8,61809,106,0,2,8,17424
20:39:31.497930,780,9,61809,106,0,2,8,17424
20:39:31.501768,780,17,61809,106,0,2,8,3752
20:39:31.502394,780,18,61809,106,0,2,8,17424
20:39:31.503007,780,19,61809,106,0,2,8,17424
20:39:31.508009,781,7,61809,106,0,2,8,3752
20:39:31.508558,781,8,61809,106,0,2,8,17424
20:39:31.509358,781,9,61809,106,0,2,8,17424
20:39:31.513439,781,17,61809,33,0,2,8,1160
20:39:31.566594,786,8,49395,5,0,2,8,808
20:39:31.624870,791,8,61809,5,0,2,8,808
20:39:31.775916,796,8,49395,5,0,2,8,808
20:39:31.787153,797,7,49395,106,0,2,8,3752
20:39:31.787708,797,8,49395,106,0,2,8,17424
20:39:31.788236,797,9,49395,106,0,2,8,17424
20:39:31.793031,797,17,49395,106,0,2,8,3752
20:39:31.793686,797,18,49395,106,0,2,8,17424
20:39:31.794634,797,19,49395,94,12,2,8,15112
20:39:31.799047,798,7,49395,106,0,2,8,3752
20:39:31.799768,798,8,49395,106,0,2,8,17424
20:39:31.800358,798,9,49395,106,0,2,8,17424
20:39:31.805315,798,17,49395,106,0,2,8,3752
20:39:31.806113,798,18,49395,106,0,2,8,17424
20:39:31.806693,798,19,49395,106,0,2,8,17424
20:39:31.811604,799,7,49395,106,0,2,8,3752
20:39:31.812315,799,8,49395,106,0,2,8,17424
20:39:31.812900,799,9,49395,106,0,2,8,17424
20:39:31.817885,799,17,49395,106,0,2,8,3752
20:39:31.818447,799,18,49395,106,0,2,8,17424
20:39:31.819276,799,19,49395,94,12,2,8,15112
20:39:31.823706,800,7,49395,106,0,2,8,3752
20:39:31.824622,800,8,49395,106,0,2,8,15624
20:39:31.825052,800,9,49395,106,0,2,8,15624
20:39:31.829867,800,17,49395,106,0,2,8,3752
20:39:31.830715,800,18,49395,106,0,2,8,17424
20:39:31.831282,800,19,49395,106,0,2,8,17424
20:39:31.835890,801,7,49395,106,0,2,8,3752
20:39:31.836593,801,8,61809,5,0,2,8,808
20:39:31.836594,801,8,49395,101,5,2,8,16392
20:39:31.837029,801,9,49395,106,0,2,8,17424
20:39:31.841565,801,17,49395,106,0,2,8,3752
20:39:31.842104,801,18,49395,106,0,2,8,17424
20:39:31.842770,801,19,49395,94,12,2,8,15112
20:39:31.847007,802,7,49395,106,0,2,8,3752
20:39:31.847630,802,8,49395,106,0,2,8,17424
20:39:31.848303,802,9,49395,106,0,2,8,17424
20:39:31.852986,802,17,49395,106,0,2,8,3752
20:39:31.853840,802,18,49395,106,0,2,8,17424
20:39:31.854393,802,19,49395,106,0,2,8,17424
20:39:31.859004,803,7,49395,106,0,2,8,3752
20:39:31.859606,803,8,49395,106,0,2,8,17424
20:39:31.860162,803,9,49395,106,0,2,8,17424
20:39:31.864987,803,17,49395,106,0,2,8,3752
20:39:31.865263,803,18,49395,106,0,2,8,17424
20:39:31.866364,803,19,49395,94,12,2,8,15112
20:39:31.870438,804,7,49395,106,0,2,8,3752
20:39:31.871117,804,8,49395,106,0,2,8,17424
20:39:31.871808,804,9,49395,106,0,2,8,17424
20:39:31.876882,804,17,49395,106,0,2,8,3752
20:39:31.877501,804,18,49395,106,0,2,8,17424
20:39:31.877834,804,19,49395,106,0,2,8,17424
20:39:31.881926,805,7,49395,106,0,2,8,3752
20:39:31.882508,805,8,49395,106,0,2,8,17424
20:39:31.883107,805,9,49395,106,0,2,8,17424
20:39:31.887595,805,17,49395,106,0,2,8,3752
20:39:31.888319,805,18,49395,106,0,2,8,17424
20:39:31.889053,805,19,49395,94,12,2,8,15112
20:39:31.893760,806,7,49395,106,0,2,8,3752
20:39:31.894454,806,8,49395,106,0,2,8,17424
20:39:31.895150,806,9,49395,106,0,2,8,17424
20:39:31.899730,806,17,49395,106,0,2,8,3752
20:39:31.900526,806,18,49395,106,0,2,8,17424
20:39:31.901024,806,19,49395,106,0,2,8,17424
20:39:31.905485,807,7,49395,106,0,2,8,3752
20:39:31.906145,807,8,49395,106,0,2,8,17424
20:39:31.906912,807,9,49395,106,0,2,8,17424
20:39:31.911447,807,17,49395,44,0,2,8,1608
20:39:31.952342,811,8,61809,5,0,2,8,808
20:39:32.023536,817,8,49395,5,0,2,8,808
20:39:32.069378,821,8,61809,5,0,2,8,808
20:39:32.080501,822,7,61809,106,0,2,8,3752
20:39:32.081150,822,8,61809,106,0,2,8,17424
20:39:32.081602,822,9,61809,106,0,2,8,17424
20:39:32.086011,822,17,61809,106,0,2,8,3752
20:39:32.086671,822,18,61809,106,0,2,8,17424
20:39:32.087303,822,19,61809,106,0,2,8,17424
20:39:32.091791,823,7,61809,106,0,2,8,3752
20:39:32.092728,823,8,61809,106,0,2,8,17424
20:39:32.093350,823,9,61809,106,0,2,8,17424
20:39:32.097856,823,17,61809,106,0,2,8,3752
20:39:32.098403,823,18,61809,106,0,2,8,17424
20:39:32.099035,823,19,61809,94,12,2,8,15112
20:39:32.103857,824,7,61809,106,0,2,8,3752
20:39:32.104364,824,8,61809,106,0,2,8,15624
20:39:32.104755,824,9,61809,106,0,2,8,15624
20:39:32.109655,824,17,61809,106,0,2,8,3752
20:39:32.110205,824,18,61809,106,0,2,8,17424
20:39:32.110877,824,19,61809,106,0,2,8,17424
20:39:32.115112,825,7,61809,106,0,2,8,3752
20:39:32.115874,825,8,61809,106,0,2,8,17424
20:39:32.116382,825,9,61809,106,0,2,8,17424
20:39:32.120779,825,17,61809,106,0,2,8,3752
20:39:32.121564,825,18,61809,106,0,2,8,17424
20:39:32.122280,825,19,61809,94,12,2,8,15112
20:39:32.126482,826,7,61809,106,0,2,8,3752
20:39:32.127226,826,8,61809,106,0,2,8,17424
20:39:32.127816,826,9,61809,106,0,2,8,17424
20:39:32.132554,826,17,61809,106,0,2,8,3752
20:39:32.133057,826,18,61809,106,0,2,8,17424
20:39:32.133588,826,19,61809,106,0,2,8,17424
20:39:32.137948,827,7,61809,106,0,2,8,3752
20:39:32.138932,827,8,49395,5,0,2,8,808
20:39:32.138933,827,8,61809,101,5,2,8,16392
20:39:32.139467,827,9,61809,106,0,2,8,17424
20:39:32.144203,827,17,61809,106,0,2,8,3752
20:39:32.144810,827,18,61809,106,0,2,8,17424
20:39:32.145510,827,19,61809,94,12,2,8,15112
20:39:32.149995,828,7,61809,106,0,2,8,3752
20:39:32.150651,828,8,61809,106,0,2,8,17424
20:39:32.151293,828,9,61809,106,0,2,8,17424
20:39:32.155696,828,17,61809,106,0,2,8,3752
20:39:32.156297,828,18,61809,106,0,2,8,17424
20:39:32.157110,828,19,61809,106,0,2,8,17424
20:39:32.161336,829,7,61809,106,0,2,8,3752
20:39:32.162068,829,8,61809,106,0,2,8,17424
20:39:32.162529,829,9,61809,106,0,2,8,17424
20:39:32.167348,829,17,61809,106,0,2,8,3752
20:39:32.167919,829,18,61809,106,0,2,8,17424
20:39:32.168666,829,19,61809,94,12,2,8,15112
20:39:32.172802,830,7,61809,106,0,2,8,3752
20:39:32.173469,830,8,61809,106,0,2,8,17424
20:39:32.174033,830,9,61809,106,0,2,8,17424
20:39:32.178592,830,17,61809,106,0,2,8,3752
20:39:32.179321,830,18,61809,106,0,2,8,17424
20:39:32.179812,830,19,61809,106,0,2,8,17424
20:39:32.184115,831,7,61809,106,0,2,8,3752
20:39:32.184727,831,8,61809,106,0,2,8,17424
20:39:32.185262,831,9,61809,106,0,2,8,17424
20:39:32.189857,831,17,61809,106,0,2,8,3752
20:39:32.190420,831,18,61809,106,0,2,8,17424
20:39:32.191045,831,19,61809,94,12,2,8,15112
20:39:32.195314,832,7,61809,106,0,2,8,3752
20:39:32.195958,832,8,61809,106,0,2,8,15624
20:39:32.196623,832,9,61809,106,0,2,8,15624
20:39:32.201064,832,17,61809,44,0,2,8,1608
20:39:32.252307,837,8,49395,5,0,2,8,808
20:39:32.308919,842,8,61809,5,0,2,8,808
20:39:32.365275,847,8,49395,5,0,2,8,808
20:39:32.421837,852,8,61809,5,0,2,8,808
20:39:32.478214,857,8,49395,5,0,2,8,808
20:39:32.488811,858,7,49395,106,0,2,8,3752
20:39:32.489556,858,8,49395,106,0,2,8,17424
20:39:32.490008,858,9,49395,106,0,2,8,17424
20:39:32.494374,858,17,49395,106,0,2,8,3752
20:39:32.495228,858,18,49395,106,0,2,8,17424
20:39:32.495616,858,19,49395,106,0,2,8,17424
20:39:32.500188,859,7,49395,106,0,2,8,3752
20:39:32.500765,859,8,49395,106,0,2,8,17424
20:39:32.501122,859,9,49395,106,0,2,8,17424
20:39:32.505774,859,17,49395,106,0,2,8,3752
20:39:32.506148,859,18,49395,106,0,2,8,17424
20:39:32.506874,859,19,49395,94,12,2,8,15112
20:39:32.511290,860,7,49395,106,0,2,8,3752
20:39:32.511892,860,8,49395,106,0,2,8,17424
20:39:32.512347,860,9,49395,106,0,2,8,17424
20:39:32.516961,860,17,49395,106,0,2,8,3752
20:39:32.517855,860,18,49395,106,0,2,8,17424
20:39:32.518252,860,19,49395,106,0,2,8,17424
20:39:32.522363,861,7,49395,106,0,2,8,3752
20:39:32.523178,861,8,49395,106,0,2,8,17424
20:39:32.523530,861,9,49395,106,0,2,8,17424
20:39:32.527988,861,17,49395,106,0,2,8,3752
20:39:32.528658,861,18,49395,106,0,2,8,17424
20:39:32.529296,861,19,49395,94,12,2,8,15112
20:39:32.533640,862,7,49395,106,0,2,8,3752
20:39:32.534396,862,8,61809,5,0,2,8,808
20:39:32.534396,862,8,49395,101,5,2,8,16392
20:39:32.534934,862,9,49395,106,0,2,8,17424
20:39:32.539385,862,17,49395,106,0,2,8,3752
20:39:32.540057,862,18,49395,106,0,2,8,17424
20:39:32.540582,862,19,49395,106,0,2,8,17424
20:39:32.545151,863,7,49395,106,0,2,8,3752
20:39:32.545734,863,8,49395,106,0,2,8,17424
20:39:32.546173,863,9,49395,106,0,2,8,17424
20:39:32.550551,863,17,49395,106,0,2,8,3752
20:39:32.551323,863,18,49395,106,0,2,8,17424
20:39:32.551963,863,19,49395,94,12,2,8,15112
20:39:32.556227,864,7,49395,106,0,2,8,3752
20:39:32.556892,864,8,49395,106,0,2,8,15624
20:39:32.557809,864,9,49395,106,0,2,8,15624
20:39:32.561985,864,17,49395,106,0,2,8,3752
20:39:32.562486,864,18,49395,106,0,2,8,17424
20:39:32.563167,864,19,49395,106,0,2,8,17424
20:39:32.567724,865,7,49395,106,0,2,8,3752
20:39:32.568237,865,8,49395,106,0,2,8,17424
20:39:32.568970,865,9,49395,106,0,2,8,17424
20:39:32.573263,865,17,49395,106,0,2,8,3752
20:39:32.574049,865,18,49395,106,0,2,8,17424
20:39:32.574811,865,19,49395,94,12,2,8,15112
20:39:32.578813,866,7,49395,106,0,2,8,3752
20:39:32.579575,866,8,49395,106,0,2,8,17424
20:39:32.580034,866,9,49395,106,0,2,8,17424
20:39:32.584468,866,17,49395,106,0,2,8,3752
20:39:32.585294,866,18,49395,106,0,2,8,17424
20:39:32.585895,866,19,49395,106,0,2,8,17424
20:39:32.590212,867,7,49395,106,0,2,8,3752
20:39:32.590824,867,8,49395,106,0,2,8,17424
20:39:32.591267,867,9,49395,106,0,2,8,17424
20:39:32.595901,867,17,49395,106,0,2,8,3752
20:39:32.596248,867,18,49395,106,0,2,8,17424
20:39:32.597134,867,19,49395,94,12,2,8,15112
20:39:32.601835,868,7,49395,106,0,2,8,3752
20:39:32.602136,868,8,49395,106,0,2,8,17424
20:39:32.602755,868,9,49395,106,0,2,8,17424
20:39:32.607010,868,17,49395,44,0,2,8,1608
20:39:32.647333,872,8,61809,5,0,2,8,736
20:39:32.726937,878,8,49395,5,0,2,8,808
20:39:32.771489,882,8,61809,5,0,2,8,808
20:39:32.781868,883,7,61809,106,0,2,8,3752
20:39:32.782419,883,8,61809,106,0,2,8,17424
20:39:32.782927,883,9,61809,106,0,2,8,17424
20:39:32.787308,883,17,61809,106,0,2,8,3752
20:39:32.787979,883,18,61809,106,0,2,8,17424
20:39:32.788634,883,19,61809,94,12,2,8,15112
20:39:32.793236,884,7,61809,106,0,2,8,3752
20:39:32.793854,884,8,61809,106,0,2,8,17424
20:39:32.794503,884,9,61809,106,0,2,8,17424
20:39:32.798940,884,17,61809,106,0,2,8,3752
20:39:32.799434,884,18,61809,106,0,2,8,17424
20:39:32.799957,884,19,61809,106,0,2,8,17424
20:39:32.804621,885,7,61809,106,0,2,8,3752
20:39:32.805237,885,8,61809,106,0,2,8,17424
20:39:32.805650,885,9,61809,106,0,2,8,17424
20:39:32.810079,885,17,61809,106,0,2,8,3752
20:39:32.810809,885,18,61809,106,0,2,8,17424
20:39:32.811236,885,19,61809,94,12,2,8,15112
20:39:32.816153,886,7,61809,106,0,2,8,3752
20:39:32.817092,886,8,61809,106,0,2,8,17424
20:39:32.817976,886,9,61809,106,0,2,8,17424
20:39:32.821498,886,17,61809,106,0,2,8,3752
20:39:32.822086,886,18,61809,106,0,2,8,17424
20:39:32.822390,886,19,61809,106,0,2,8,17424
20:39:32.826925,887,7,61809,106,0,2,8,3752
20:39:32.827771,887,8,61809,106,0,2,8,17424
20:39:32.828225,887,9,61809,106,0,2,8,17424
20:39:32.832933,887,17,61809,106,0,2,8,3752
20:39:32.833506,887,18,61809,106,0,2,8,17424
20:39:32.833958,887,19,61809,94,12,2,8,15112
20:39:32.838641,888,7,61809,106,0,2,8,3752
20:39:32.838932,888,8,49395,5,0,2,8,736
20:39:32.838932,888,8,61809,101,5,2,8,14856
20:39:32.839605,888,9,61809,106,0,2,8,15624
20:39:32.844158,888,17,61809,106,0,2,8,3752
20:39:32.844535,888,18,61809,106,0,2,8,17424
20:39:32.845131,888,19,61809,106,0,2,8,17424
20:39:32.849573,889,7,61809,106,0,2,8,3752
20:39:32.850131,889,8,61809,106,0,2,8,17424
20:39:32.850570,889,9,61809,106,0,2,8,17424
20:39:32.855466,889,17,61809,106,0,2,8,3752
20:39:32.856448,889,18,61809,106,0,2,8,17424
20:39:32.856848,889,19,61809,94,12,2,8,15112
20:39:32.860858,890,7,61809,106,0,2,8,3752
20:39:32.861601,890,8,61809,106,0,2,8,17424
20:39:32.862021,890,9,61809,106,0,2,8,17424
20:39:32.866944,890,17,61809,106,0,2,8,3752
20:39:32.867669,890,18,61809,106,0,2,8,17424
20:39:32.868447,890,19,61809,106,0,2,8,17424
20:39:32.872361,891,7,61809,106,0,2,8,3752
20:39:32.873562,891,8,61809,106,0,2,8,17424
20:39:32.873950,891,9,61809,106,0,2,8,17424
20:39:32.877832,891,17,61809,106,0,2,8,3752
20:39:32.878595,891,18,61809,106,0,2,8,17424
20:39:32.879210,891,19,61809,94,12,2,8,15112
20:39:32.883770,892,7,61809,106,0,2,8,3752
20:39:32.884343,892,8,61809,106,0,2,8,17424
20:39:32.884738,892,9,61809,106,0,2,8,17424
20:39:32.889205,892,17,61809,106,0,2,8,3752
20:39:32.890009,892,18,61809,106,0,2,8,17424
20:39:32.890418,892,19,61809,106,0,2,8,17424
20:39:32.894935,893,7,61809,106,0,2,8,3752
20:39:32.895724,893,8,61809,106,0,2,8,17424
20:39:32.896123,893,9,61809,106,0,2,8,17424
20:39:32.900271,893,17,61809,33,0,2,8,1160
20:39:32.962737,898,8,49395,5,0,2,8,808
20:39:33.018636,903,8,61809,5,0,2,8,808
20:39:33.075037,908,8,49395,5,0,2,8,808
20:39:33.130443,913,8,61809,5,0,2,8,808
20:39:33.186863,918,8,49395,5,0,2,8,808
20:39:33.197138,919,7,49395,106,0,2,8,3752
20:39:33.197730,919,8,49395,106,0,2,8,17424
20:39:33.198331,919,9,49395,106,0,2,8,17424
20:39:33.202998,919,17,49395,106,0,2,8,3752
20:39:33.203817,919,18,49395,106,0,2,8,17424
20:39:33.204702,919,19,49395,94,12,2,8,15112
20:39:33.208832,920,7,49395,106,0,2,8,3752
20:39:33.209350,920,8,49395,106,0,2,8,15624
20:39:33.210301,920,9,49395,106,0,2,8,15624
20:39:33.214193,920,17,49395,106,0,2,8,3752
20:39:33.214746,920,18,49395,106,0,2,8,17424
20:39:33.215651,920,19,49395,106,0,2,8,17424
20:39:33.219974,921,7,49395,106,0,2,8,3752
20:39:33.220608,921,8,49395,106,0,2,8,17424
20:39:33.221708,921,9,49395,106,0,2,8,17424
20:39:33.225329,921,17,49395,106,0,2,8,3752
20:39:33.225901,921,18,49395,106,0,2,8,17424
20:39:33.226640,921,19,49395,94,12,2,8,15112
20:39:33.231045,922,7,49395,106,0,2,8,3752
20:39:33.231716,922,8,49395,106,0,2,8,17424
20:39:33.232263,922,9,49395,106,0,2,8,17424
20:39:33.236852,922,17,49395,106,0,2,8,3752
20:39:33.237324,922,18,49395,106,0,2,8,17424
20:39:33.237923,922,19,49395,106,0,2,8,17424
20:39:33.242481,923,7,49395,106,0,2,8,3752
20:39:33.243565,923,8,61809,5,0,2,8,808
20:39:33.243566,923,8,49395,101,5,2,8,16392
20:39:33.243840,923,9,49395,106,0,2,8,17424
20:39:33.248040,923,17,49395,106,0,2,8,3752
20:39:33.248684,923,18,49395,106,0,2,8,17424
20:39:33.250025,923,19,49395,94,12,2,8,15112
20:39:33.253952,924,7,49395,106,0,2,8,3752
20:39:33.255023,924,8,49395,106,0,2,8,17424
20:39:33.255240,924,9,49395,106,0,2,8,17424
20:39:33.259364,924,17,49395,106,0,2,8,3752
20:39:33.260158,924,18,49395,106,0,2,8,17424
20:39:33.260844,924,19,49395,106,0,2,8,17424
20:39:33.265830,925,7,49395,106,0,2,8,3752
20:39:33.266485,925,8,49395,106,0,2,8,17424
20:39:33.267125,925,9,49395,106,0,2,8,17424
20:39:33.271146,925,17,49395,106,0,2,8,3752
20:39:33.272055,925,18,49395,106,0,2,8,17424
20:39:33.272444,925,19,49395,94,12,2,8,15112
20:39:33.276838,926,7,49395,106,0,2,8,3752
20:39:33.277413,926,8,49395,106,0,2,8,17424
20:39:33.278680,926,9,49395,106,0,2,8,17424
20:39:33.282710,926,17,49395,106,0,2,8,3752
20:39:33.283214,926,18,49395,106,0,2,8,17424
20:39:33.283752,926,19,49395,106,0,2,8,17424
20:39:33.287808,927,7,49395,106,0,2,8,3752
20:39:33.288482,927,8,49395,106,0,2,8,17424
20:39:33.289103,927,9,49395,106,0,2,8,17424
20:39:33.293895,927,17,49395,106,0,2,8,3752
20:39:33.294418,927,18,49395,106,0,2,8,17424
20:39:33.294947,927,19,49395,94,12,2,8,15112
20:39:33.299574,928,7,49395,106,0,2,8,3752
20:39:33.300106,928,8,49395,106,0,2,8,15624
20:39:33.300881,928,9,49395,106,0,2,8,15624
20:39:33.305194,928,17,49395,106,0,2,8,3752
20:39:33.306109,928,18,49395,106,0,2,8,17424
20:39:33.306703,928,19,49395,106,0,2,8,17424
20:39:33.311028,929,7,49395,106,0,2,8,3752
20:39:33.311705,929,8,49395,106,0,2,8,17424
20:39:33.312734,929,9,49395,106,0,2,8,17424
20:39:33.316805,929,17,49395,106,0,2,8,3752
20:39:33.317485,929,18,49395,29,0,2,8,4736
20:39:33.356518,933,8,61809,5,0,2,8,808
20:39:33.425028,939,8,49395,5,0,2,8,808
20:39:33.471009,943,8,61809,5,0,2,8,808
20:39:33.481710,944,7,61809,106,0,2,8,3752
20:39:33.482515,944,8,61809,106,0,2,8,15624
20:39:33.483377,944,9,61809,106,0,2,8,15624
20:39:33.487513,944,17,61809,106,0,2,8,3752
20:39:33.488017,944,18,61809,106,0,2,8,17424
20:39:33.488886,944,19,61809,106,0,2,8,17424
20:39:33.492796,945,7,61809,106,0,2,8,3752
20:39:33.493711,945,8,61809,106,0,2,8,17424
20:39:33.494292,945,9,61809,106,0,2,8,17424
20:39:33.498338,945,17,61809,106,0,2,8,3752
20:39:33.499337,945,18,61809,106,0,2,8,17424
20:39:33.500285,945,19,61809,94,12,2,8,15112
20:39:33.504054,946,7,61809,106,0,2,8,3752
20:39:33.504724,946,8,61809,106,0,2,8,17424
20:39:33.505411,946,9,61809,106,0,2,8,17424
20:39:33.509979,946,17,61809,106,0,2,8,3752
20:39:33.510784,946,18,61809,106,0,2,8,17424
20:39:33.511248,946,19,61809,106,0,2,8,17424
20:39:33.515361,947,7,61809,106,0,2,8,3752
20:39:33.515983,947,8,61809,106,0,2,8,17424
20:39:33.516512,947,9,61809,106,0,2,8,17424
20:39:33.521169,947,17,61809,106,0,2,8,3752
20:39:33.521833,947,18,61809,106,0,2,8,17424
20:39:33.522810,947,19,61809,94,12,2,8,15112
20:39:33.526597,948,7,61809,106,0,2,8,3752
20:39:33.527338,948,8,61809,106,0,2,8,17424
20:39:33.527917,948,9,61809,106,0,2,8,17424
20:39:33.532317,948,17,61809,106,0,2,8,3752
20:39:33.533153,948,18,61809,106,0,2,8,17424
20:39:33.533957,948,19,61809,106,0,2,8,17424
20:39:33.537991,949,7,61809,106,0,2,8,3752
20:39:33.538756,949,8,49395,5,0,2,8,808
20:39:33.538757,949,8,61809,101,5,2,8,16392
20:39:33.539216,949,9,61809,106,0,2,8,17424
20:39:33.544164,949,17,61809,106,0,2,8,3752
20:39:33.544883,949,18,61809,106,0,2,8,17424
20:39:33.545697,949,19,61809,94,12,2,8,15112
20:39:33.549516,950,7,61809,106,0,2,8,3752
20:39:33.550260,950,8,61809,106,0,2,8,17424
20:39:33.550723,950,9,61809,106,0,2,8,17424
20:39:33.555657,950,17,61809,106,0,2,8,3752
20:39:33.556164,950,18,61809,106,0,2,8,17424
20:39:33.556743,950,19,61809,106,0,2,8,17424
20:39:33.560726,951,7,61809,106,0,2,8,3752
20:39:33.561362,951,8,61809,106,0,2,8,17424
20:39:33.562017,951,9,61809,106,0,2,8,17424
20:39:33.566318,951,17,61809,106,0,2,8,3752
20:39:33.567006,951,18,61809,106,0,2,8,17424
20:39:33.567720,951,19,61809,94,12,2,8,15112
20:39:33.571971,952,7,61809,106,0,2,8,3752
20:39:33.572903,952,8,61809,106,0,2,8,15624
20:39:33.573301,952,9,61809,106,0,2,8,15624
20:39:33.578065,952,17,61809,106,0,2,8,3752
20:39:33.578767,952,18,61809,106,0,2,8,17424
20:39:33.579278,952,19,61809,106,0,2,8,17424
20:39:33.583574,953,7,61809,106,0,2,8,3752
20:39:33.584268,953,8,61809,106,0,2,8,17424
20:39:33.584774,953,9,61809,106,0,2,8,17424
20:39:33.589250,953,17,61809,106,0,2,8,3752
20:39:33.590046,953,18,61809,106,0,2,8,17424
20:39:33.590621,953,19,61809,94,12,2,8,15112
20:39:33.594933,954,7,61809,106,0,2,8,3752
20:39:33.595519,954,8,61809,106,0,2,8,17424
20:39:33.596071,954,9,61809,106,0,2,8,17424
20:39:33.600907,954,17,61809,106,0,2,8,3752
20:39:33.601388,954,18,61809,29,0,2,8,4736
20:39:33.652432,959,8,49395,5,0,2,8,808
20:39:33.709468,964,8,61809,5,0,2,8,808
20:39:33.766376,969,8,49395,5,0,2,8,808
20:39:33.823731,974,8,61809,5,0,2,8,808
20:39:33.880707,979,8,49395,5,0,2,8,808
20:39:33.892032,980,7,49395,106,0,2,8,3752
20:39:33.892694,980,8,49395,106,0,2,8,17424
20:39:33.893333,980,9,49395,106,0,2,8,17424
20:39:33.897214,980,17,49395,106,0,2,8,3752
20:39:33.897867,980,18,49395,106,0,2,8,17424
20:39:33.898411,980,19,49395,106,0,2,8,17424
20:39:33.903091,981,7,49395,106,0,2,8,3752
20:39:33.903788,981,8,49395,106,0,2,8,17424
20:39:33.904170,981,9,49395,106,0,2,8,17424
20:39:33.908540,981,17,49395,106,0,2,8,3752
20:39:33.909412,981,18,49395,106,0,2,8,17424
20:39:33.909859,981,19,49395,94,12,2,8,15112
20:39:33.914422,982,7,49395,106,0,2,8,3752
20:39:33.915137,982,8,49395,106,0,2,8,17424
20:39:33.915505,982,9,49395,106,0,2,8,17424
20:39:33.920050,982,17,49395,106,0,2,8,3752
20:39:33.920649,982,18,49395,106,0,2,8,17424
20:39:33.921125,982,19,49395,106,0,2,8,17424
20:39:33.925805,983,7,49395,106,0,2,8,3752
20:39:33.926634,983,8,49395,106,0,2,8,17424
20:39:33.927053,983,9,49395,106,0,2,8,17424
20:39:33.957448,983,17,49395,106,0,2,8,3752
20:39:33.957961,983,18,49395,106,0,2,8,17424
20:39:33.958546,983,19,49395,94,12,2,8,15112
20:39:33.963723,984,7,49395,106,0,2,8,3752
20:39:33.964286,984,8,61809,5,0,2,8,736
20:39:33.964287,984,8,49395,101,5,2,8,14856
20:39:33.965331,984,9,49395,106,0,2,8,15624
20:39:33.969876,984,17,49395,106,0,2,8,3752
20:39:33.970717,984,18,49395,106,0,2,8,17424
20:39:33.971892,984,19,49395,106,0,2,8,17424
20:39:33.977057,985,7,49395,106,0,2,8,3752
20:39:33.977944,985,8,49395,106,0,2,8,17424
20:39:33.978877,985,9,49395,106,0,2,8,17424
20:39:33.983468,985,17,49395,106,0,2,8,3752
20:39:33.984272,985,18,49395,106,0,2,8,17424
20:39:33.984773,985,19,49395,94,12,2,8,15112
20:39:33.989620,986,7,49395,106,0,2,8,3752
20:39:33.990064,986,8,49395,106,0,2,8,17424
20:39:33.990361,986,9,49395,106,0,2,8,17424
20:39:33.994943,986,17,49395,106,0,2,8,3752
20:39:33.995666,986,18,49395,106,0,2,8,17424
20:39:33.996368,986,19,49395,106,0,2,8,17424
20:39:34.000784,987,7,49395,106,0,2,8,3752
20:39:34.001254,987,8,49395,106,0,2,8,17424
20:39:34.002188,987,9,49395,106,0,2,8,17424
20:39:34.006593,987,17,49395,106,0,2,8,3752
20:39:34.007183,987,18,49395,106,0,2,8,17424
20:39:34.007594,987,19,49395,94,12,2,8,15112
20:39:34.012106,988,7,49395,106,0,2,8,3752
20:39:34.012674,988,8,49395,106,0,2,8,17424
20:39:34.012991,988,9,49395,106,0,2,8,17424
20:39:34.017585,988,17,49395,106,0,2,8,3752
20:39:34.018266,988,18,49395,106,0,2,8,17424
20:39:34.018792,988,19,49395,106,0,2,8,17424
20:39:34.023518,989,7,49395,106,0,2,8,3752
20:39:34.023979,989,8,49395,106,0,2,8,17424
20:39:34.024279,989,9,49395,106,0,2,8,17424
20:39:34.028785,989,17,49395,106,0,2,8,3752
20:39:34.029422,989,18,49395,106,0,2,8,17424
20:39:34.030788,989,19,49395,94,12,2,8,15112
20:39:34.034422,990,7,49395,106,0,2,8,3752
20:39:34.035013,990,8,49395,106,0,2,8,17424
20:39:34.035532,990,9,49395,106,0,2,8,17424
20:39:34.040076,990,17,49395,33,0,2,8,1160
20:39:34.080990,994,8,61809,5,0,2,8,808
20:39:34.149186,1000,8,49395,5,0,2,8,736
20:39:34.194731,1004,8,61809,5,0,2,8,808
20:39:34.262808,1010,8,49395,5,0,2,8,808
20:39:34.308013,1014,7,61809,5,0,2,8,176
20:39:34.320094,1015,7,61809,106,0,2,8,3752
20:39:34.321008,1015,8,61809,106,0,2,8,17424
20:39:34.321417,1015,9,61809,106,0,2,8,17424
20:39:34.325066,1015,17,61809,106,0,2,8,3752
20:39:34.325667,1015,18,61809,106,0,2,8,17424
20:39:34.326296,1015,19,61809,94,12,2,8,15112
20:39:34.330961,1016,7,61809,106,0,2,8,3752
20:39:34.331673,1016,8,61809,106,0,2,8,15624
20:39:34.332010,1016,9,61809,106,0,2,8,15624
20:39:34.336732,1016,17,61809,106,0,2,8,3752
20:39:34.337268,1016,18,61809,106,0,2,8,17424
20:39:34.337760,1016,19,61809,106,0,2,8,17424
20:39:34.342209,1017,7,61809,106,0,2,8,3752
20:39:34.342901,1017,8,61809,106,0,2,8,17424
20:39:34.343527,1017,9,61809,106,0,2,8,17424
20:39:34.348233,1017,17,61809,106,0,2,8,3752
20:39:34.348704,1017,18,61809,106,0,2,8,17424
20:39:34.349492,1017,19,61809,94,12,2,8,15112
20:39:34.353434,1018,7,61809,106,0,2,8,3752
20:39:34.354168,1018,8,61809,106,0,2,8,17424
20:39:34.354765,1018,9,61809,106,0,2,8,17424
20:39:34.359243,1018,17,61809,106,0,2,8,3752
20:39:34.360212,1018,18,61809,106,0,2,8,17424
20:39:34.360658,1018,19,61809,106,0,2,8,17424
20:39:34.364801,1019,7,61809,106,0,2,8,3752
20:39:34.365501,1019,8,61809,106,0,2,8,17424
20:39:34.366121,1019,9,61809,106,0,2,8,17424
20:39:34.370779,1019,17,61809,106,0,2,8,3752
20:39:34.371324,1019,18,61809,106,0,2,8,17424
20:39:34.372248,1019,19,61809,94,12,2,8,15112
20:39:34.376336,1020,7,61809,106,0,2,8,3752
20:39:34.377178,1020,8,49395,5,0,2,8,808
20:39:34.377179,1020,8,61809,101,5,2,8,16392
20:39:34.377773,1020,9,61809,106,0,2,8,17424
20:39:34.382205,1020,17,61809,106,0,2,8,3752
20:39:34.382776,1020,18,61809,106,0,2,8,17424
20:39:34.383321,1020,19,61809,106,0,2,8,17424
20:39:34.387992,1021,7,61809,106,0,2,8,3752
20:39:34.388605,1021,8,61809,106,0,2,8,17424
20:39:34.389127,1021,9,61809,106,0,2,8,17424
20:39:34.393584,1021,17,61809,106,0,2,8,3752
20:39:34.394159,1021,18,61809,106,0,2,8,17424
20:39:34.394855,1021,19,61809,94,12,2,8,15112
20:39:34.399330,1022,7,61809,106,0,2,8,3752
20:39:34.399954,1022,8,61809,106,0,2,8,17424
20:39:34.400488,1022,9,61809,106,0,2,8,17424
20:39:34.405449,1022,17,61809,106,0,2,8,3752
20:39:34.405879,1022,18,61809,106,0,2,8,17424
20:39:34.406359,1022,19,61809,106,0,2,8,17424
20:39:34.410740,1023,7,61809,106,0,2,8,3752
20:39:34.411469,1023,8,61809,106,0,2,8,17424
20:39:34.411994,1023,9,61809,106,0,2,8,17424
20:39:34.416769,1023,17,61809,106,0,2,8,3752
20:39:34.417345,1023,18,61809,106,0,2,8,17424
20:39:34.417920,1023,19,61809,94,12,2,8,15112
20:39:34.422121,0,7,61809,106,0,2,8,3752
20:39:34.422881,0,8,61809,106,0,2,8,15624
20:39:34.423650,0,9,61809,106,0,2,8,15624
20:39:34.427810,0,17,61809,106,0,2,8,3752
20:39:34.428489,0,18,61809,106,0,2,8,17424
20:39:34.429075,0,19,61809,106,0,2,8,17424
20:39:34.433937,1,7,61809,106,0,2,8,3752
20:39:34.434539,1,8,61809,106,0,2,8,17424
20:39:34.434768,1,9,61809,106,0,2,8,17424
20:39:34.439310,1,17,61809,106,0,2,8,3752
20:39:34.439942,1,18,61809,29,0,2,8,4736
20:39:34.491844,6,8,49395,5,0,2,8,808
20:39:34.548137,11,8,61809,5,0,2,8,808
20:39:34.604224,16,8,49395,5,0,2,8,736
20:39:34.614867,17,7,49395,106,0,2,8,3752
20:39:34.615507,17,8,49395,106,0,2,8,17424
20:39:34.616002,17,9,49395,106,0,2,8,17424
20:39:34.620482,17,17,49395,106,0,2,8,3752
20:39:34.621153,17,18,49395,106,0,2,8,17424
20:39:34.622190,17,19,49395,94,12,2,8,15112
20:39:34.626079,18,7,49395,106,0,2,8,3752
20:39:34.626703,18,8,49395,106,0,2,8,17424
20:39:34.627208,18,9,49395,106,0,2,8,17424
20:39:34.631842,18,17,49395,106,0,2,8,3752
20:39:34.632436,18,18,49395,106,0,2,8,17424
20:39:34.633001,18,19,49395,106,0,2,8,17424
20:39:34.637407,19,7,49395,106,0,2,8,3752
20:39:34.638067,19,8,49395,106,0,2,8,17424
20:39:34.638599,19,9,49395,106,0,2,8,17424
20:39:34.642920,19,17,49395,106,0,2,8,3752
20:39:34.643640,19,18,49395,106,0,2,8,17424
20:39:34.644609,19,19,49395,94,12,2,8,15112
20:39:34.648818,20,7,49395,106,0,2,8,3752
20:39:34.649469,20,8,49395,106,0,2,8,17424
20:39:34.650025,20,9,49395,106,0,2,8,17424
20:39:34.654535,20,17,49395,106,0,2,8,3752
20:39:34.655315,20,18,49395,106,0,2,8,17424
20:39:34.655645,20,19,49395,106,0,2,8,17424
20:39:34.660097,21,7,49395,106,0,2,8,3752
20:39:34.660806,21,8,61809,5,0,2,8,808
20:39:34.660807,21,8,49395,101,5,2,8,16392
20:39:34.661323,21,9,49395,106,0,2,8,17424
20:39:34.665943,21,17,49395,106,0,2,8,3752
20:39:34.666560,21,18,49395,106,0,2,8,17424
20:39:34.667255,21,19,49395,94,12,2,8,15112
20:39:34.671752,22,7,49395,106,0,2,8,3752
20:39:34.672264,22,8,49395,106,0,2,8,17424
20:39:34.672960,22,9,49395,106,0,2,8,17424
20:39:34.677182,22,17,49395,106,0,2,8,3752
20:39:34.677994,22,18,49395,106,0,2,8,17424
20:39:34.678390,22,19,49395,106,0,2,8,17424
20:39:34.682916,23,7,49395,106,0,2,8,3752
20:39:34.683599,23,8,49395,106,0,2,8,17424
20:39:34.684200,23,9,49395,106,0,2,8,17424
20:39:34.688434,23,17,49395,106,0,2,8,3752
20:39:34.689256,23,18,49395,106,0,2,8,17424
20:39:34.689903,23,19,49395,94,12,2,8,15112
20:39:34.694156,24,7,49395,106,0,2,8,3752
20:39:34.695010,24,8,49395,106,0,2,8,15624
20:39:34.695439,24,9,49395,106,0,2,8,15624
20:39:34.699882,24,17,49395,106,0,2,8,3752
20:39:34.700504,24,18,49395,106,0,2,8,17424
20:39:34.701167,24,19,49395,106,0,2,8,17424
20:39:34.705372,25,7,49395,106,0,2,8,3752
20:39:34.706065,25,8,49395,106,0,2,8,17424
20:39:34.706696,25,9,49395,106,0,2,8,17424
20:39:34.711046,25,17,49395,106,0,2,8,3752
20:39:34.711768,25,18,49395,106,0,2,8,17424
20:39:34.712418,25,19,49395,94,12,2,8,15112
20:39:34.716718,26,7,49395,106,0,2,8,3752
20:39:34.717367,26,8,49395,106,0,2,8,17424
20:39:34.717916,26,9,49395,106,0,2,8,17424
20:39:34.722250,26,17,49395,106,0,2,8,3752
20:39:34.723261,26,18,49395,106,0,2,8,17424
20:39:34.723703,26,19,49395,106,0,2,8,17424
20:39:34.727944,27,7,49395,106,0,2,8,3752
20:39:34.728711,27,8,49395,106,0,2,8,17424
20:39:34.729153,27,9,49395,106,0,2,8,17424
20:39:34.733417,27,17,49395,44,0,2,8,1608
20:39:34.875220,31,8,61809,5,0,2,8,808
20:39:34.943017,37,8,49395,5,0,2,8,808
20:39:34.988192,41,8,61809,5,0,2,8,808
20:39:34.999307,42,7,61809,106,0,2,8,3752
20:39:35.000100,42,8,61809,106,0,2,8,17424
20:39:35.000567,42,9,61809,106,0,2,8,17424
20:39:35.004918,42,17,61809,106,0,2,8,3752
20:39:35.005692,42,18,61809,106,0,2,8,17424
20:39:35.006270,42,19,61809,106,0,2,8,17424
20:39:35.010539,43,7,61809,106,0,2,8,3752
20:39:35.011403,43,8,61809,106,0,2,8,17424
20:39:35.011899,43,9,61809,106,0,2,8,17424
20:39:35.016333,43,17,61809,106,0,2,8,3752
20:39:35.016954,43,18,61809,106,0,2,8,17424
20:39:35.017656,43,19,61809,94,12,2,8,15112
20:39:35.021973,44,7,61809,106,0,2,8,3752
20:39:35.022742,44,8,61809,106,0,2,8,17424
20:39:35.023305,44,9,61809,106,0,2,8,17424
20:39:35.027763,44,17,61809,106,0,2,8,3752
20:39:35.028522,44,18,61809,106,0,2,8,17424
20:39:35.029106,44,19,61809,106,0,2,8,17424
20:39:35.033494,45,7,61809,106,0,2,8,3752
20:39:35.034252,45,8,61809,106,0,2,8,17424
20:39:35.034926,45,9,61809,106,0,2,8,17424
20:39:35.039267,45,17,61809,106,0,2,8,3752
20:39:35.039937,45,18,61809,106,0,2,8,17424
20:39:35.040618,45,19,61809,94,12,2,8,15112
20:39:35.047290,46,7,61809,106,0,2,8,3752
20:39:35.047731,46,8,61809,106,0,2,8,17424
20:39:35.048163,46,9,61809,106,0,2,8,17424
20:39:35.052060,46,17,61809,106,0,2,8,3752
20:39:35.052791,46,18,61809,106,0,2,8,17424
20:39:35.053330,46,19,61809,106,0,2,8,17424
20:39:35.057814,47,7,61809,106,0,2,8,3752
20:39:35.058763,47,8,49395,5,0,2,8,808
20:39:35.058764,47,8,61809,101,5,2,8,16392
20:39:35.059187,47,9,61809,106,0,2,8,17424
20:39:35.063465,47,17,61809,106,0,2,8,3752
20:39:35.064150,47,18,61809,106,0,2,8,17424
20:39:35.064863,47,19,61809,94,12,2,8,15112
20:39:35.069298,48,7,61809,106,0,2,8,3752
20:39:35.069934,48,8,61809,106,0,2,8,15624
20:39:35.070497,48,9,61809,106,0,2,8,15624
20:39:35.077769,48,17,61809,106,0,2,8,3752
20:39:35.078568,48,18,61809,106,0,2,8,17424
20:39:35.078944,48,19,61809,106,0,2,8,17424
20:39:35.083318,49,7,61809,106,0,2,8,3752
20:39:35.084038,49,8,61809,106,0,2,8,17424
20:39:35.084574,49,9,61809,106,0,2,8,17424
20:39:35.089125,49,17,61809,106,0,2,8,3752
20:39:35.089792,49,18,61809,106,0,2,8,17424
20:39:35.090556,49,19,61809,94,12,2,8,15112
20:39:35.094993,50,7,61809,106,0,2,8,3752
20:39:35.095728,50,8,61809,106,0,2,8,17424
20:39:35.096352,50,9,61809,106,0,2,8,17424
20:39:35.100731,50,17,61809,106,0,2,8,3752
20:39:35.101697,50,18,61809,106,0,2,8,17424
20:39:35.102057,50,19,61809,106,0,2,8,17424
20:39:35.106571,51,7,61809,106,0,2,8,3752
20:39:35.107231,51,8,61809,106,0,2,8,17424
20:39:35.107867,51,9,61809,106,0,2,8,17424
20:39:35.112276,51,17,61809,106,0,2,8,3752
20:39:35.112972,51,18,61809,106,0,2,8,17424
20:39:35.113708,51,19,61809,94,12,2,8,15112
20:39:35.118563,52,7,61809,106,0,2,8,3752
20:39:35.119072,52,8,61809,106,0,2,8,17424
20:39:35.119635,52,9,61809,106,0,2,8,17424
20:39:35.124155,52,17,61809,44,0,2,8,1608
20:39:35.177550,57,8,49395,5,0,2,8,808
20:39:35.236027,62,8,61809,5,0,2,8,808
20:39:35.294502,67,8,49395,5,0,2,8,808
20:39:35.305234,68,7,49395,106,0,2,8,3752
20:39:35.305939,68,8,49395,106,0,2,8,17424
20:39:35.306580,68,9,49395,106,0,2,8,17424
20:39:35.311222,68,17,49395,106,0,2,8,3752
20:39:35.311988,68,18,49395,106,0,2,8,17424
20:39:35.312549,68,19,49395,106,0,2,8,17424
20:39:35.317116,69,7,49395,106,0,2,8,3752
20:39:35.317908,69,8,49395,106,0,2,8,17424
20:39:35.318530,69,9,49395,106,0,2,8,17424
20:39:35.323292,69,17,49395,106,0,2,8,3752
20:39:35.323916,69,18,49395,106,0,2,8,17424
20:39:35.324737,69,19,49395,94,12,2,8,15112
20:39:35.329060,70,7,49395,106,0,2,8,3752
20:39:35.329918,70,8,49395,106,0,2,8,17424
20:39:35.330540,70,9,49395,106,0,2,8,17424
20:39:35.335143,70,17,49395,106,0,2,8,3752
20:39:35.335701,70,18,49395,106,0,2,8,17424
20:39:35.336305,70,19,49395,106,0,2,8,17424
20:39:35.340775,71,7,49395,106,0,2,8,3752
20:39:35.341559,71,8,49395,106,0,2,8,17424
20:39:35.342195,71,9,49395,106,0,2,8,17424
20:39:35.346839,71,17,49395,106,0,2,8,3752
20:39:35.347646,71,18,49395,106,0,2,8,17424
20:39:35.348254,71,19,49395,94,12,2,8,15112
20:39:35.352635,72,7,49395,106,0,2,8,3752
20:39:35.353449,72,8,61809,5,0,2,8,736
20:39:35.353450,72,8,49395,101,5,2,8,14856
20:39:35.354009,72,9,49395,106,0,2,8,15624
20:39:35.358465,72,17,49395,106,0,2,8,3752
20:39:35.359167,72,18,49395,106,0,2,8,17424
20:39:35.359721,72,19,49395,106,0,2,8,17424
20:39:35.364202,73,7,49395,106,0,2,8,3752
20:39:35.364971,73,8,49395,106,0,2,8,17424
20:39:35.365588,73,9,49395,106,0,2,8,17424
20:39:35.370105,73,17,49395,106,0,2,8,3752
20:39:35.370848,73,18,49395,106,0,2,8,17424
20:39:35.371456,73,19,49395,94,12,2,8,15112
20:39:35.376145,74,7,49395,106,0,2,8,3752
20:39:35.376828,74,8,49395,106,0,2,8,17424
20:39:35.377468,74,9,49395,106,0,2,8,17424
20:39:35.381756,74,17,49395,106,0,2,8,3752
20:39:35.382385,74,18,49395,106,0,2,8,17424
20:39:35.382967,74,19,49395,106,0,2,8,17424
20:39:35.387453,75,7,49395,106,0,2,8,3752
20:39:35.388112,75,8,49395,106,0,2,8,17424
20:39:35.388702,75,9,49395,106,0,2,8,17424
20:39:35.393281,75,17,49395,106,0,2,8,3752
20:39:35.394027,75,18,49395,106,0,2,8,17424
20:39:35.394762,75,19,49395,94,12,2,8,15112
20:39:35.399356,76,7,49395,106,0,2,8,3752
20:39:35.400009,76,8,49395,106,0,2,8,17424
20:39:35.400571,76,9,49395,106,0,2,8,17424
20:39:35.404957,76,17,49395,106,0,2,8,3752
20:39:35.405639,76,18,49395,106,0,2,8,17424
20:39:35.406178,76,19,49395,106,0,2,8,17424
20:39:35.410702,77,7,49395,106,0,2,8,3752
20:39:35.411564,77,8,49395,106,0,2,8,17424
20:39:35.411972,77,9,49395,106,0,2,8,17424
20:39:35.416688,77,17,49395,106,0,2,8,3752
20:39:35.417279,77,18,49395,106,0,2,8,17424
20:39:35.417901,77,19,49395,94,12,2,8,15112
20:39:35.422246,78,7,49395,106,0,2,8,3752
20:39:35.422871,78,8,49395,106,0,2,8,17424
20:39:35.423426,78,9,49395,106,0,2,8,17424
20:39:35.427973,78,17,49395,33,0,2,8,1160
20:39:35.470015,82,8,61809,5,0,2,8,808
20:39:35.539547,88,8,49395,5,0,2,8,736
20:39:35.585940,92,8,61809,5,0,2,8,808
20:39:35.655572,98,8,49395,5,0,2,8,808
20:39:35.702078,102,8,61809,5,0,2,8,808
20:39:35.713147,103,7,61809,106,0,2,8,3752
20:39:35.713749,103,8,61809,106,0,2,8,17424
20:39:35.714328,103,9,61809,106,0,2,8,17424
20:39:35.718786,103,17,61809,106,0,2,8,3752
20:39:35.719478,103,18,61809,106,0,2,8,17424
20:39:35.720172,103,19,61809,94,12,2,8,15112
20:39:35.724835,104,7,61809,106,0,2,8,3752
20:39:35.725349,104,8,61809,106,0,2,8,15624
20:39:35.726068,104,9,61809,106,0,2,8,15624
20:39:35.730512,104,17,61809,106,0,2,8,3752
20:39:35.731174,104,18,61809,106,0,2,8,17424
20:39:35.731747,104,19,61809,106,0,2,8,17424
20:39:35.736622,105,7,61809,106,0,2,8,3752
20:39:35.737111,105,8,61809,106,0,2,8,17424
20:39:35.737670,105,9,61809,106,0,2,8,17424
20:39:35.742166,105,17,61809,106,0,2,8,3752
20:39:35.742910,105,18,61809,106,0,2,8,17424
20:39:35.743681,105,19,61809,94,12,2,8,15112
20:39:35.748114,106,7,61809,106,0,2,8,3752
20:39:35.748816,106,8,61809,106,0,2,8,17424
20:39:35.749239,106,9,61809,106,0,2,8,17424
20:39:35.753672,106,17,61809,106,0,2,8,3752
20:39:35.754377,106,18,61809,106,0,2,8,17424
20:39:35.754924,106,19,61809,106,0,2,8,17424
20:39:35.759625,107,7,61809,106,0,2,8,3752
20:39:35.760227,107,8,61809,106,0,2,8,17424
20:39:35.760816,107,9,61809,106,0,2,8,17424
20:39:35.765198,107,17,61809,106,0,2,8,3752
20:39:35.766232,107,18,61809,106,0,2,8,17424
20:39:35.766781,107,19,61809,94,12,2,8,15112
20:39:35.771049,108,7,61809,106,0,2,8,3752
20:39:35.775675,108,8,49395,5,0,2,8,808
20:39:35.775676,108,8,61809,101,5,2,8,16392
20:39:35.827986,108,9,61809,106,0,2,8,17424
20:39:35.830331,108,17,61809,106,0,2,8,3752
20:39:35.831002,108,18,61809,106,0,2,8,17424
20:39:35.831281,108,19,61809,106,0,2,8,17424
20:39:35.837705,109,7,61809,106,0,2,8,3752
20:39:35.839163,109,8,61809,106,0,2,8,17424
20:39:35.839853,109,9,61809,106,0,2,8,17424
20:39:35.888844,109,17,61809,106,0,2,8,3752
20:39:35.889443,109,18,61809,106,0,2,8,17424
20:39:35.890501,109,19,61809,94,12,2,8,15112
20:39:35.891382,110,7,61809,106,0,2,8,3752
20:39:35.894258,110,8,61809,106,0,2,8,17424
20:39:35.895677,110,9,61809,106,0,2,8,17424
20:39:35.898336,110,17,61809,106,0,2,8,3752
20:39:35.899179,110,18,61809,106,0,2,8,17424
20:39:35.900389,110,19,61809,106,0,2,8,17424
20:39:35.905619,111,7,61809,106,0,2,8,3752
20:39:35.906560,111,8,61809,106,0,2,8,17424
20:39:35.907115,111,9,61809,106,0,2,8,17424
20:39:35.911484,111,17,61809,106,0,2,8,3752
20:39:35.912246,111,18,61809,106,0,2,8,17424
20:39:35.912874,111,19,61809,94,12,2,8,15112
20:39:35.917384,112,7,61809,106,0,2,8,3752
20:39:35.918093,112,8,61809,106,0,2,8,15624
20:39:35.918527,112,9,61809,106,0,2,8,15624
20:39:35.923204,112,17,61809,106,0,2,8,3752
20:39:35.923681,112,18,61809,106,0,2,8,17424
20:39:35.924390,112,19,61809,106,0,2,8,17424
20:39:35.928876,113,7,61809,106,0,2,8,3752
20:39:35.929561,113,8,61809,106,0,2,8,17424
20:39:35.930077,113,9,61809,106,0,2,8,17424
20:39:35.934747,113,17,61809,106,0,2,8,3752
20:39:35.935173,113,18,61809,29,0,2,8,4736
20:39:35.986752,118,8,49395,5,0,2,8,808
20:39:35.998741,119,7,49395,106,0,2,8,3752
20:39:35.999776,119,8,49395,106,0,2,8,17424
20:39:36.000310,119,9,49395,106,0,2,8,17424
20:39:36.004597,119,17,49395,106,0,2,8,3752
20:39:36.005463,119,18,49395,106,0,2,8,17424
20:39:36.006097,119,19,49395,94,12,2,8,15112
20:39:36.010418,120,7,49395,106,0,2,8,3752
20:39:36.011044,120,8,49395,106,0,2,8,15624
20:39:36.011772,120,9,49395,106,0,2,8,15624
20:39:36.016462,120,17,49395,106,0,2,8,3752
20:39:36.017171,120,18,49395,106,0,2,8,17424
20:39:36.017460,120,19,49395,106,0,2,8,17424
20:39:36.021871,121,7,49395,106,0,2,8,3752
20:39:36.022448,121,8,49395,106,0,2,8,17424
20:39:36.023332,121,9,49395,106,0,2,8,17424
20:39:36.027479,121,17,49395,106,0,2,8,3752
20:39:36.028318,121,18,49395,106,0,2,8,17424
20:39:36.028813,121,19,49395,94,12,2,8,15112
20:39:36.033798,122,7,49395,106,0,2,8,3752
20:39:36.034173,122,8,49395,106,0,2,8,17424
20:39:36.034472,122,9,49395,106,0,2,8,17424
20:39:36.038997,122,17,49395,106,0,2,8,3752
20:39:36.039661,122,18,49395,106,0,2,8,17424
20:39:36.040464,122,19,49395,106,0,2,8,17424
20:39:36.044923,123,7,49395,106,0,2,8,3752
20:39:36.045454,123,8,61809,5,0,2,8,808
20:39:36.045454,123,8,49395,101,5,2,8,16392
20:39:36.046010,123,9,49395,106,0,2,8,17424
20:39:36.050230,123,17,49395,106,0,2,8,3752
20:39:36.051014,123,18,49395,106,0,2,8,17424
20:39:36.051847,123,19,49395,94,12,2,8,15112
20:39:36.055994,124,7,49395,106,0,2,8,3752
20:39:36.056738,124,8,49395,106,0,2,8,17424
20:39:36.057267,124,9,49395,106,0,2,8,17424
20:39:36.061882,124,17,49395,106,0,2,8,3752
20:39:36.062425,124,18,49395,106,0,2,8,17424
20:39:36.062987,124,19,49395,106,0,2,8,17424
20:39:36.067400,125,7,49395,106,0,2,8,3752
20:39:36.068074,125,8,49395,106,0,2,8,17424
20:39:36.068618,125,9,49395,106,0,2,8,17424
20:39:36.073128,125,17,49395,106,0,2,8,3752
20:39:36.073749,125,18,49395,106,0,2,8,17424
20:39:36.074367,125,19,49395,94,12,2,8,15112
20:39:36.078969,126,7,49395,106,0,2,8,3752
20:39:36.079620,126,8,49395,106,0,2,8,17424
20:39:36.080142,126,9,49395,106,0,2,8,17424
20:39:36.084703,126,17,49395,106,0,2,8,3752
20:39:36.085303,126,18,49395,106,0,2,8,17424
20:39:36.085759,126,19,49395,106,0,2,8,17424
20:39:36.090352,127,7,49395,106,0,2,8,3752
20:39:36.090968,127,8,49395,106,0,2,8,17424
20:39:36.091502,127,9,49395,106,0,2,8,17424
20:39:36.095885,127,17,49395,106,0,2,8,3752
20:39:36.096561,127,18,49395,106,0,2,8,17424
20:39:36.097292,127,19,49395,94,12,2,8,15112
20:39:36.104956,128,7,49395,106,0,2,8,3752
20:39:36.105236,128,8,49395,106,0,2,8,15624
20:39:36.105523,128,9,49395,106,0,2,8,15624
20:39:36.113721,128,17,49395,106,0,2,8,3752
20:39:36.114596,128,18,49395,106,0,2,8,17424
20:39:36.115843,128,19,49395,106,0,2,8,17424
20:39:36.118775,129,7,49395,106,0,2,8,3752
20:39:36.121238,129,8,49395,106,0,2,8,17424
20:39:36.125254,129,9,49395,106,0,2,8,17424
20:39:36.127356,129,17,49395,106,0,2,8,3752
20:39:36.127984,129,18,49395,29,0,2,8,4736
20:39:36.166448,133,8,61809,5,0,2,8,808
20:39:36.234135,139,8,49395,5,0,2,8,808
20:39:36.279507,143,8,61809,5,0,2,8,808
20:39:36.348430,149,8,49395,5,0,2,8,808
20:39:36.394334,153,8,61809,5,0,2,8,808
20:39:36.405377,154,7,61809,106,0,2,8,3752
20:39:36.406118,154,8,61809,106,0,2,8,17424
20:39:36.406642,154,9,61809,106,0,2,8,17424
20:39:36.411008,154,17,61809,106,0,2,8,3752
20:39:36.411583,154,18,61809,106,0,2,8,17424
20:39:36.412243,154,19,61809,106,0,2,8,17424
20:39:36.417025,155,7,61809,106,0,2,8,3752
20:39:36.417612,155,8,61809,106,0,2,8,17424
20:39:36.418582,155,9,61809,106,0,2,8,17424
20:39:36.423029,155,17,61809,106,0,2,8,3752
20:39:36.423771,155,18,61809,106,0,2,8,17424
20:39:36.424320,155,19,61809,94,12,2,8,15112
20:39:36.429025,156,7,61809,106,0,2,8,3752
20:39:36.429584,156,8,61809,106,0,2,8,17424
20:39:36.430266,156,9,61809,106,0,2,8,17424
20:39:36.434944,156,17,61809,106,0,2,8,3752
20:39:36.435289,156,18,61809,106,0,2,8,17424
20:39:36.435836,156,19,61809,106,0,2,8,17424
20:39:36.440507,157,7,61809,106,0,2,8,3752
20:39:36.441131,157,8,61809,106,0,2,8,17424
20:39:36.441660,157,9,61809,106,0,2,8,17424
20:39:36.446040,157,17,61809,106,0,2,8,3752
20:39:36.446696,157,18,61809,106,0,2,8,17424
20:39:36.447355,157,19,61809,94,12,2,8,15112
20:39:36.451883,158,7,61809,106,0,2,8,3752
20:39:36.452490,158,8,61809,106,0,2,8,17424
20:39:36.453125,158,9,61809,106,0,2,8,17424
20:39:36.457433,158,17,61809,106,0,2,8,3752
20:39:36.458087,158,18,61809,106,0,2,8,17424
20:39:36.458638,158,19,61809,106,0,2,8,17424
20:39:36.463198,159,7,61809,106,0,2,8,3752
20:39:36.463938,159,8,49395,5,0,2,8,808
20:39:36.463939,159,8,61809,101,5,2,8,16392
20:39:36.464380,159,9,61809,106,0,2,8,17424
20:39:36.468762,159,17,61809,106,0,2,8,3752
20:39:36.469553,159,18,61809,106,0,2,8,17424
20:39:36.470107,159,19,61809,94,12,2,8,15112
20:39:36.474424,160,7,61809,106,0,2,8,3752
20:39:36.475322,160,8,61809,106,0,2,8,15624
20:39:36.476121,160,9,61809,106,0,2,8,15624
20:39:36.480747,160,17,61809,106,0,2,8,3752
20:39:36.481400,160,18,61809,106,0,2,8,17424
20:39:36.482282,160,19,61809,106,0,2,8,17424
20:39:36.486524,161,7,61809,106,0,2,8,3752
20:39:36.487284,161,8,61809,106,0,2,8,17424
20:39:36.488180,161,9,61809,106,0,2,8,17424
20:39:36.492552,161,17,61809,106,0,2,8,3752
20:39:36.493256,161,18,61809,106,0,2,8,17424
20:39:36.494326,161,19,61809,94,12,2,8,15112
20:39:36.498127,162,7,61809,106,0,2,8,3752
20:39:36.499034,162,8,61809,106,0,2,8,17424
20:39:36.499489,162,9,61809,106,0,2,8,17424
20:39:36.504111,162,17,61809,106,0,2,8,3752
20:39:36.504677,162,18,61809,106,0,2,8,17424
20:39:36.505698,162,19,61809,106,0,2,8,17424
20:39:36.509528,163,7,61809,106,0,2,8,3752
20:39:36.510165,163,8,61809,106,0,2,8,17424
20:39:36.510732,163,9,61809,106,0,2,8,17424
20:39:36.515278,163,17,61809,106,0,2,8,3752
20:39:36.515970,163,18,61809,106,0,2,8,17424
20:39:36.516966,163,19,61809,94,12,2,8,15112
20:39:36.520819,164,7,61809,106,0,2,8,3752
20:39:36.521496,164,8,61809,106,0,2,8,17424
20:39:36.522046,164,9,61809,106,0,2,8,17424
20:39:36.526508,164,17,61809,44,0,2,8,1608
20:39:36.578170,169,8,49395,5,0,2,8,808
20:39:36.634984,174,8,61809,5,0,2,8,808
20:39:36.690757,179,8,49395,5,0,2,8,808
20:39:36.701795,180,7,49395,106,0,2,8,3752
20:39:36.702510,180,8,49395,106,0,2,8,17424
20:39:36.702920,180,9,49395,106,0,2,8,17424
20:39:36.707486,180,17,49395,106,0,2,8,3752
20:39:36.708033,180,18,49395,106,0,2,8,17424
20:39:36.708530,180,19,49395,106,0,2,8,17424
20:39:36.713028,181,7,49395,106,0,2,8,3752
20:39:36.713690,181,8,49395,106,0,2,8,17424
20:39:36.714297,181,9,49395,106,0,2,8,17424
20:39:36.718751,181,17,49395,106,0,2,8,3752
20:39:36.719327,181,18,49395,106,0,2,8,17424
20:39:36.719916,181,19,49395,94,12,2,8,15112
20:39:36.724296,182,7,49395,106,0,2,8,3752
20:39:36.725150,182,8,49395,106,0,2,8,17424
20:39:36.725483,182,9,49395,106,0,2,8,17424
20:39:36.729838,182,17,49395,106,0,2,8,3752
20:39:36.730642,182,18,49395,106,0,2,8,17424
20:39:36.731189,182,19,49395,106,0,2,8,17424
20:39:36.735573,183,7,49395,106,0,2,8,3752
20:39:36.736361,183,8,49395,106,0,2,8,17424
20:39:36.736784,183,9,49395,106,0,2,8,17424
20:39:36.741230,183,17,49395,106,0,2,8,3752
20:39:36.741897,183,18,49395,106,0,2,8,17424
20:39:36.742479,183,19,49395,94,12,2,8,15112
20:39:36.746881,184,7,49395,106,0,2,8,3752
20:39:36.747633,184,8,61809,5,0,2,8,736
20:39:36.747634,184,8,49395,101,5,2,8,14856
20:39:36.748129,184,9,49395,106,0,2,8,15624
20:39:36.752853,184,17,49395,106,0,2,8,3752
20:39:36.753460,184,18,49395,106,0,2,8,17424
20:39:36.754050,184,19,49395,106,0,2,8,17424
20:39:36.758418,185,7,49395,106,0,2,8,3752
20:39:36.759088,185,8,49395,106,0,2,8,17424
20:39:36.759780,185,9,49395,106,0,2,8,17424
20:39:36.764110,185,17,49395,106,0,2,8,3752
20:39:36.764854,185,18,49395,106,0,2,8,17424
20:39:36.765541,185,19,49395,94,12,2,8,15112
20:39:36.769892,186,7,49395,106,0,2,8,3752
20:39:36.770502,186,8,49395,106,0,2,8,17424
20:39:36.771069,186,9,49395,106,0,2,8,17424
20:39:36.775556,186,17,49395,106,0,2,8,3752
20:39:36.776320,186,18,49395,106,0,2,8,17424
20:39:36.776915,186,19,49395,106,0,2,8,17424
20:39:36.781225,187,7,49395,106,0,2,8,3752
20:39:36.781935,187,8,49395,106,0,2,8,17424
20:39:36.782583,187,9,49395,106,0,2,8,17424
20:39:36.786950,187,17,49395,106,0,2,8,3752
20:39:36.787624,187,18,49395,106,0,2,8,17424
20:39:36.788290,187,19,49395,94,12,2,8,15112
20:39:36.792676,188,7,49395,106,0,2,8,3752
20:39:36.793383,188,8,49395,106,0,2,8,17424
20:39:36.793976,188,9,49395,106,0,2,8,17424
20:39:36.798347,188,17,49395,106,0,2,8,3752
20:39:36.799013,188,18,49395,106,0,2,8,17424
20:39:36.799555,188,19,49395,106,0,2,8,17424
20:39:36.804178,189,7,49395,106,0,2,8,3752
20:39:36.804783,189,8,49395,106,0,2,8,17424
20:39:36.805442,189,9,49395,106,0,2,8,17424
20:39:36.809942,189,17,49395,106,0,2,8,3752
20:39:36.810600,189,18,49395,106,0,2,8,17424
20:39:36.811197,189,19,49395,94,12,2,8,15112
20:39:36.815817,190,7,49395,106,0,2,8,3752
20:39:36.816406,190,8,49395,106,0,2,8,17424
20:39:36.816950,190,9,49395,106,0,2,8,17424
20:39:36.821460,190,17,49395,33,0,2,8,1160
20:39:36.864751,194,8,61809,5,0,2,8,808
20:39:37.021016,200,8,49395,5,0,2,8,736
20:39:37.066225,204,8,61809,5,0,2,8,808
20:39:37.077307,205,7,61809,106,0,2,8,3752
20:39:37.077672,205,8,61809,106,0,2,8,17424
20:39:37.078269,205,9,61809,106,0,2,8,17424
20:39:37.082519,205,17,61809,106,0,2,8,3752
20:39:37.083213,205,18,61809,106,0,2,8,17424
20:39:37.083950,205,19,61809,94,12,2,8,15112
20:39:37.088218,206,7,61809,106,0,2,8,3752
20:39:37.088839,206,8,61809,106,0,2,8,17424
20:39:37.089399,206,9,61809,106,0,2,8,17424
20:39:37.093825,206,17,61809,106,0,2,8,3752
20:39:37.094578,206,18,61809,106,0,2,8,17424
20:39:37.095050,206,19,61809,106,0,2,8,17424
20:39:37.100018,207,7,61809,106,0,2,8,3752
20:39:37.100539,207,8,61809,106,0,2,8,17424
20:39:37.101015,207,9,61809,106,0,2,8,17424
20:39:37.105159,207,17,61809,106,0,2,8,3752
20:39:37.105768,207,18,61809,106,0,2,8,17424
20:39:37.106412,207,19,61809,94,12,2,8,15112
20:39:37.111031,208,7,61809,106,0,2,8,3752
20:39:37.111636,208,8,61809,106,0,2,8,15624
20:39:37.112024,208,9,61809,106,0,2,8,15624
20:39:37.116629,208,17,61809,106,0,2,8,3752
20:39:37.117140,208,18,61809,106,0,2,8,17424
20:39:37.117803,208,19,61809,106,0,2,8,17424
20:39:37.122307,209,7,61809,106,0,2,8,3752
20:39:37.122980,209,8,61809,106,0,2,8,17424
20:39:37.123413,209,9,61809,106,0,2,8,17424
20:39:37.128004,209,17,61809,106,0,2,8,3752
20:39:37.128739,209,18,61809,106,0,2,8,17424
20:39:37.129308,209,19,61809,94,12,2,8,15112
20:39:37.133630,210,7,61809,106,0,2,8,3752
20:39:37.134442,210,8,49395,5,0,2,8,808
20:39:37.134442,210,8,61809,101,5,2,8,16392
20:39:37.135051,210,9,61809,106,0,2,8,17424
20:39:37.139238,210,17,61809,106,0,2,8,3752
20:39:37.139869,210,18,61809,106,0,2,8,17424
20:39:37.140402,210,19,61809,106,0,2,8,17424
20:39:37.144828,211,7,61809,106,0,2,8,3752
20:39:37.145740,211,8,61809,106,0,2,8,17424
20:39:37.146110,211,9,61809,106,0,2,8,17424
20:39:37.155142,211,17,61809,106,0,2,8,3752
20:39:37.156234,211,18,61809,106,0,2,8,17424
20:39:37.156492,211,19,61809,94,12,2,8,15112
20:39:37.156981,212,7,61809,106,0,2,8,3752
20:39:37.157552,212,8,61809,106,0,2,8,17424
20:39:37.158052,212,9,61809,106,0,2,8,17424
20:39:37.163469,212,17,61809,106,0,2,8,3752
20:39:37.164354,212,18,61809,106,0,2,8,17424
20:39:37.166447,212,19,61809,106,0,2,8,17424
20:39:37.170376,213,7,61809,106,0,2,8,3752
20:39:37.171929,213,8,61809,106,0,2,8,17424
20:39:37.172940,213,9,61809,106,0,2,8,17424
20:39:37.174647,213,17,61809,106,0,2,8,3752
20:39:37.177411,213,18,61809,106,0,2,8,17424
20:39:37.181649,213,19,61809,94,12,2,8,15112
20:39:37.184365,214,7,61809,106,0,2,8,3752
20:39:37.185108,214,8,61809,106,0,2,8,17424
20:39:37.185833,214,9,61809,106,0,2,8,17424
20:39:37.192049,214,17,61809,106,0,2,8,3752
20:39:37.192340,214,18,61809,106,0,2,8,17424
20:39:37.192633,214,19,61809,106,0,2,8,17424
20:39:37.197153,215,7,61809,106,0,2,8,3752
20:39:37.198223,215,8,61809,106,0,2,8,17424
20:39:37.198893,215,9,61809,106,0,2,8,17424
20:39:37.203959,215,17,61809,44,0,2,8,1608
20:39:37.260494,220,8,49395,5,0,2,8,808
20:39:37.317178,225,8,61809,5,0,2,8,808
20:39:37.373635,230,8,49395,5,0,2,8,808
20:39:37.384799,231,7,49395,106,0,2,8,3752
20:39:37.385270,231,8,49395,106,0,2,8,17424
20:39:37.385871,231,9,49395,106,0,2,8,17424
20:39:37.390461,231,17,49395,106,0,2,8,3752
20:39:37.391109,231,18,49395,106,0,2,8,17424
20:39:37.391755,231,19,49395,94,12,2,8,15112
20:39:37.396408,232,7,49395,106,0,2,8,3752
20:39:37.397072,232,8,49395,106,0,2,8,15624
20:39:37.397714,232,9,49395,106,0,2,8,15624
20:39:37.401629,232,17,49395,106,0,2,8,3752
20:39:37.402444,232,18,49395,106,0,2,8,17424
20:39:37.402903,232,19,49395,106,0,2,8,17424
20:39:37.407403,233,7,49395,106,0,2,8,3752
20:39:37.408165,233,8,49395,106,0,2,8,17424
20:39:37.408651,233,9,49395,106,0,2,8,17424
20:39:37.413151,233,17,49395,106,0,2,8,3752
20:39:37.413900,233,18,49395,106,0,2,8,17424
20:39:37.414569,233,19,49395,94,12,2,8,15112
20:39:37.419094,234,7,49395,106,0,2,8,3752
20:39:37.419884,234,8,49395,106,0,2,8,17424
20:39:37.420474,234,9,49395,106,0,2,8,17424
20:39:37.424444,234,17,49395,106,0,2,8,3752
20:39:37.425293,234,18,49395,106,0,2,8,17424
20:39:37.425800,234,19,49395,106,0,2,8,17424
20:39:37.430053,235,7,49395,106,0,2,8,3752
20:39:37.430842,235,8,61809,5,0,2,8,808
20:39:37.430843,235,8,49395,101,5,2,8,16392
20:39:37.431371,235,9,49395,106,0,2,8,17424
20:39:37.435759,235,17,49395,106,0,2,8,3752
20:39:37.436572,235,18,49395,106,0,2,8,17424
20:39:37.437219,235,19,49395,94,12,2,8,15112
20:39:37.441472,236,7,49395,106,0,2,8,3752
20:39:37.442144,236,8,49395,106,0,2,8,17424
20:39:37.442619,236,9,49395,106,0,2,8,17424
20:39:37.447171,236,17,49395,106,0,2,8,3752
20:39:37.447548,236,18,49395,106,0,2,8,17424
20:39:37.448234,236,19,49395,106,0,2,8,17424
20:39:37.452885,237,7,49395,106,0,2,8,3752
20:39:37.453615,237,8,49395,106,0,2,8,17424
20:39:37.453989,237,9,49395,106,0,2,8,17424
20:39:37.458719,237,17,49395,106,0,2,8,3752
20:39:37.459344,237,18,49395,106,0,2,8,17424
20:39:37.460186,237,19,49395,94,12,2,8,15112
20:39:37.464220,238,7,49395,106,0,2,8,3752
20:39:37.465038,238,8,49395,106,0,2,8,17424
20:39:37.465302,238,9,49395,106,0,2,8,17424
20:39:37.469806,238,17,49395,106,0,2,8,3752
20:39:37.471108,238,18,49395,106,0,2,8,17424
20:39:37.471661,238,19,49395,106,0,2,8,17424
20:39:37.475338,239,7,49395,106,0,2,8,3752
20:39:37.476046,239,8,49395,106,0,2,8,17424
20:39:37.476568,239,9,49395,106,0,2,8,17424
20:39:37.481739,239,17,49395,106,0,2,8,3752
20:39:37.482252,239,18,49395,106,0,2,8,17424
20:39:37.482870,239,19,49395,94,12,2,8,15112
20:39:37.486658,240,7,49395,106,0,2,8,3752
20:39:37.487914,240,8,49395,106,0,2,8,15624
20:39:37.488211,240,9,49395,106,0,2,8,15624
20:39:37.492353,240,17,49395,106,0,2,8,3752
20:39:37.493109,240,18,49395,106,0,2,8,17424
20:39:37.493601,240,19,49395,106,0,2,8,17424
20:39:37.498088,241,7,49395,106,0,2,8,3752
20:39:37.498670,241,8,49395,106,0,2,8,17424
20:39:37.499155,241,9,49395,106,0,2,8,17424
20:39:37.503808,241,17,49395,106,0,2,8,3752
20:39:37.504400,241,18,49395,29,0,2,8,4736
20:39:37.544263,245,8,61809,5,0,2,8,808
20:39:37.611116,251,8,49395,5,0,2,8,808
20:39:37.655880,255,8,61809,5,0,2,8,808
20:39:37.723852,261,8,49395,5,0,2,8,808
20:39:37.769568,265,8,61809,5,0,2,8,808
20:39:37.780737,266,7,61809,106,0,2,8,3752
20:39:37.781314,266,8,61809,106,0,2,8,17424
20:39:37.781869,266,9,61809,106,0,2,8,17424
20:39:37.786327,266,17,61809,106,0,2,8,3752
20:39:37.787037,266,18,61809,106,0,2,8,17424
20:39:37.787480,266,19,61809,106,0,2,8,17424
20:39:37.792245,267,7,61809,106,0,2,8,3752
20:39:37.792892,267,8,61809,106,0,2,8,17424
20:39:37.793466,267,9,61809,106,0,2,8,17424
20:39:37.797771,267,17,61809,106,0,2,8,3752
20:39:37.798554,267,18,61809,106,0,2,8,17424
20:39:37.799143,267,19,61809,94,12,2,8,15112
20:39:37.803757,268,7,61809,106,0,2,8,3752
20:39:37.804395,268,8,61809,106,0,2,8,17424
20:39:37.804945,268,9,61809,106,0,2,8,17424
20:39:37.809640,268,17,61809,106,0,2,8,3752
20:39:37.810269,268,18,61809,106,0,2,8,17424
20:39:37.810679,268,19,61809,106,0,2,8,17424
20:39:37.815201,269,7,61809,106,0,2,8,3752
20:39:37.815994,269,8,61809,106,0,2,8,17424
20:39:37.816574,269,9,61809,106,0,2,8,17424
20:39:37.821030,269,17,61809,106,0,2,8,3752
20:39:37.821848,269,18,61809,106,0,2,8,17424
20:39:37.822479,269,19,61809,94,12,2,8,15112
20:39:37.827073,270,7,61809,106,0,2,8,3752
20:39:37.827742,270,8,61809,106,0,2,8,17424
20:39:37.828207,270,9,61809,106,0,2,8,17424
20:39:37.832760,270,17,61809,106,0,2,8,3752
20:39:37.833345,270,18,61809,106,0,2,8,17424
20:39:37.833955,270,19,61809,106,0,2,8,17424
20:39:37.838545,271,7,61809,106,0,2,8,3752
20:39:37.839118,271,8,49395,5,0,2,8,808
20:39:37.839118,271,8,61809,101,5,2,8,16392
20:39:37.839623,271,9,61809,106,0,2,8,17424
20:39:37.844140,271,17,61809,106,0,2,8,3752
20:39:37.845117,271,18,61809,106,0,2,8,17424
20:39:37.845581,271,19,61809,94,12,2,8,15112
20:39:37.850141,272,7,61809,106,0,2,8,3752
20:39:37.850627,272,8,61809,106,0,2,8,15624
20:39:37.851353,272,9,61809,106,0,2,8,15624
20:39:37.855715,272,17,61809,106,0,2,8,3752
20:39:37.856514,272,18,61809,106,0,2,8,17424
20:39:37.857102,272,19,61809,106,0,2,8,17424
20:39:37.861986,273,7,61809,106,0,2,8,3752
20:39:37.862282,273,8,61809,106,0,2,8,17424
20:39:37.862869,273,9,61809,106,0,2,8,17424
20:39:37.867626,273,17,61809,106,0,2,8,3752
20:39:37.868324,273,18,61809,106,0,2,8,17424
20:39:37.868983,273,19,61809,94,12,2,8,15112
20:39:37.874802,274,7,61809,106,0,2,8,3752
20:39:37.926117,274,8,61809,106,0,2,8,17424
20:39:37.927101,274,9,61809,106,0,2,8,17424
20:39:37.928910,274,17,61809,106,0,2,8,3752
20:39:37.930972,274,18,61809,106,0,2,8,17424
20:39:37.932423,274,19,61809,106,0,2,8,17424
20:39:37.934657,275,7,61809,106,0,2,8,3752
20:39:37.983399,275,8,61809,106,0,2,8,17424
20:39:37.983983,275,9,61809,106,0,2,8,17424
20:39:37.985725,275,17,61809,106,0,2,8,3752
20:39:37.987188,275,18,61809,106,0,2,8,17424
20:39:37.987543,275,19,61809,94,12,2,8,15112
20:39:37.991106,276,7,61809,106,0,2,8,3752
20:39:37.991568,276,8,61809,106,0,2,8,17424
20:39:37.992990,276,9,61809,106,0,2,8,17424
20:39:37.997093,276,17,61809,44,0,2,8,1608
20:39:38.054807,281,8,49395,5,0,2,8,808
20:39:38.112538,286,8,61809,5,0,2,8,808
20:39:38.170530,291,8,49395,5,0,2,8,808
20:39:38.181119,292,7,49395,106,0,2,8,3752
20:39:38.181969,292,8,49395,106,0,2,8,17424
20:39:38.182365,292,9,49395,106,0,2,8,17424
20:39:38.187107,292,17,49395,106,0,2,8,3752
20:39:38.187603,292,18,49395,106,0,2,8,17424
20:39:38.188383,292,19,49395,106,0,2,8,17424
20:39:38.192891,293,7,49395,106,0,2,8,3752
20:39:38.193452,293,8,49395,106,0,2,8,17424
20:39:38.193975,293,9,49395,106,0,2,8,17424
20:39:38.198399,293,17,49395,106,0,2,8,3752
20:39:38.199276,293,18,49395,106,0,2,8,17424
20:39:38.200506,293,19,49395,94,12,2,8,15112
20:39:38.204066,294,7,49395,106,0,2,8,3752
20:39:38.204706,294,8,49395,106,0,2,8,17424
20:39:38.205248,294,9,49395,106,0,2,8,17424
20:39:38.210023,294,17,49395,106,0,2,8,3752
20:39:38.210609,294,18,49395,106,0,2,8,17424
20:39:38.211546,294,19,49395,106,0,2,8,17424
20:39:38.215595,295,7,49395,106,0,2,8,3752
20:39:38.216328,295,8,49395,106,0,2,8,17424
20:39:38.216923,295,9,49395,106,0,2,8,17424
20:39:38.221339,295,17,49395,106,0,2,8,3752
20:39:38.222124,295,18,49395,106,0,2,8,17424
20:39:38.222803,295,19,49395,94,12,2,8,15112
20:39:38.227509,296,7,49395,106,0,2,8,3752
20:39:38.228052,296,8,61809,5,0,2,8,736
20:39:38.228053,296,8,49395,101,5,2,8,14856
20:39:38.228518,296,9,49395,106,0,2,8,15624
20:39:38.232901,296,17,49395,106,0,2,8,3752
20:39:38.233745,296,18,49395,106,0,2,8,17424
20:39:38.234204,296,19,49395,106,0,2,8,17424
20:39:38.238601,297,7,49395,106,0,2,8,3752
20:39:38.239350,297,8,49395,106,0,2,8,17424
20:39:38.239817,297,9,49395,106,0,2,8,17424
20:39:38.244330,297,17,49395,106,0,2,8,3752
20:39:38.245085,297,18,49395,106,0,2,8,17424
20:39:38.245797,297,19,49395,94,12,2,8,15112
20:39:38.250077,298,7,49395,106,0,2,8,3752
20:39:38.250896,298,8,49395,106,0,2,8,17424
20:39:38.251490,298,9,49395,106,0,2,8,17424
20:39:38.256002,298,17,49395,106,0,2,8,3752
20:39:38.256767,298,18,49395,106,0,2,8,17424
20:39:38.257274,298,19,49395,106,0,2,8,17424
20:39:38.261772,299,7,49395,106,0,2,8,3752
20:39:38.262447,299,8,49395,106,0,2,8,17424
20:39:38.262977,299,9,49395,106,0,2,8,17424
20:39:38.267477,299,17,49395,106,0,2,8,3752
20:39:38.268204,299,18,49395,106,0,2,8,17424
20:39:38.269006,299,19,49395,94,12,2,8,15112
20:39:38.273146,300,7,49395,106,0,2,8,3752
20:39:38.273875,300,8,49395,106,0,2,8,17424
20:39:38.274422,300,9,49395,106,0,2,8,17424
20:39:38.278879,300,17,49395,106,0,2,8,3752
20:39:38.279551,300,18,49395,106,0,2,8,17424
20:39:38.280218,300,19,49395,106,0,2,8,17424
20:39:38.284748,301,7,49395,106,0,2,8,3752
20:39:38.285629,301,8,49395,106,0,2,8,17424
20:39:38.285963,301,9,49395,106,0,2,8,17424
20:39:38.290433,301,17,49395,106,0,2,8,3752
20:39:38.291211,301,18,49395,106,0,2,8,17424
20:39:38.291802,301,19,49395,94,12,2,8,15112
20:39:38.296402,302,7,49395,106,0,2,8,3752
20:39:38.296940,302,8,49395,106,0,2,8,17424
20:39:38.297463,302,9,49395,106,0,2,8,17424
20:39:38.301943,302,17,49395,33,0,2,8,1160
20:39:38.342727,306,8,61809,5,0,2,8,808
20:39:38.410967,312,8,49395,5,0,2,8,736
20:39:38.456364,316,8,61809,5,0,2,8,808
20:39:38.466958,317,7,61809,106,0,2,8,3752
20:39:38.467708,317,8,61809,106,0,2,8,17424
20:39:38.468200,317,9,61809,106,0,2,8,17424
20:39:38.472587,317,17,61809,106,0,2,8,3752
20:39:38.473312,317,18,61809,106,0,2,8,17424
20:39:38.474017,317,19,61809,94,12,2,8,15112
20:39:38.478549,318,7,61809,106,0,2,8,3752
20:39:38.479332,318,8,61809,106,0,2,8,17424
20:39:38.479726,318,9,61809,106,0,2,8,17424
20:39:38.484352,318,17,61809,106,0,2,8,3752
20:39:38.484990,318,18,61809,106,0,2,8,17424
20:39:38.485588,318,19,61809,106,0,2,8,17424
20:39:38.490003,319,7,61809,106,0,2,8,3752
20:39:38.490794,319,8,61809,106,0,2,8,17424
20:39:38.491434,319,9,61809,106,0,2,8,17424
20:39:38.495884,319,17,61809,106,0,2,8,3752
20:39:38.496553,319,18,61809,106,0,2,8,17424
20:39:38.497444,319,19,61809,94,12,2,8,15112
20:39:38.501649,320,7,61809,106,0,2,8,3752
20:39:38.502377,320,8,61809,106,0,2,8,15624
20:39:38.502974,320,9,61809,106,0,2,8,15624
20:39:38.507254,320,17,61809,106,0,2,8,3752
20:39:38.507955,320,18,61809,106,0,2,8,17424
20:39:38.508614,320,19,61809,106,0,2,8,17424
20:39:38.513054,321,7,61809,106,0,2,8,3752
20:39:38.513882,321,8,61809,106,0,2,8,17424
20:39:38.514502,321,9,61809,106,0,2,8,17424
20:39:38.519211,321,17,61809,106,0,2,8,3752
20:39:38.519793,321,18,61809,106,0,2,8,17424
20:39:38.520472,321,19,61809,94,12,2,8,15112
20:39:38.524939,322,7,61809,106,0,2,8,3752
20:39:38.525550,322,8,49395,5,0,2,8,808
20:39:38.525550,322,8,61809,101,5,2,8,16392
20:39:38.526209,322,9,61809,106,0,2,8,17424
20:39:38.530850,322,17,61809,106,0,2,8,3752
20:39:38.531415,322,18,61809,106,0,2,8,17424
20:39:38.531951,322,19,61809,106,0,2,8,17424
20:39:38.536571,323,7,61809,106,0,2,8,3752
20:39:38.537212,323,8,61809,106,0,2,8,17424
20:39:38.537807,323,9,61809,106,0,2,8,17424
20:39:38.542125,323,17,61809,106,0,2,8,3752
20:39:38.542900,323,18,61809,106,0,2,8,17424
20:39:38.543622,323,19,61809,94,12,2,8,15112
20:39:38.547942,324,7,61809,106,0,2,8,3752
20:39:38.548649,324,8,61809,106,0,2,8,17424
20:39:38.549202,324,9,61809,106,0,2,8,17424
20:39:38.553698,324,17,61809,106,0,2,8,3752
20:39:38.554564,324,18,61809,106,0,2,8,17424
20:39:38.555126,324,19,61809,106,0,2,8,17424
20:39:38.559564,325,7,61809,106,0,2,8,3752
20:39:38.560309,325,8,61809,106,0,2,8,17424
20:39:38.560715,325,9,61809,106,0,2,8,17424
20:39:38.565133,325,17,61809,106,0,2,8,3752
20:39:38.565769,325,18,61809,106,0,2,8,17424
20:39:38.566423,325,19,61809,94,12,2,8,15112
20:39:38.570752,326,7,61809,106,0,2,8,3752
20:39:38.571495,326,8,61809,106,0,2,8,17424
20:39:38.572243,326,9,61809,106,0,2,8,17424
20:39:38.576353,326,17,61809,106,0,2,8,3752
20:39:38.576985,326,18,61809,106,0,2,8,17424
20:39:38.577661,326,19,61809,106,0,2,8,17424
20:39:38.582031,327,7,61809,106,0,2,8,3752
20:39:38.582849,327,8,61809,106,0,2,8,17424
20:39:38.583347,327,9,61809,106,0,2,8,17424
20:39:38.587705,327,17,61809,44,0,2,8,1608
20:39:38.639623,332,8,49395,5,0,2,8,808
20:39:38.696255,337,8,61809,5,0,2,8,808
20:39:38.753078,342,8,49395,5,0,2,8,808
20:39:38.809466,347,8,61809,5,0,2,8,808
20:39:38.851074,350,17,49395,5,0,2,8,176
20:39:38.862323,351,17,49395,106,0,2,8,3752
20:39:38.862997,351,18,49395,106,0,2,8,17424
20:39:38.863670,351,19,49395,94,12,2,8,15112
20:39:38.867919,352,7,49395,106,0,2,8,3752
20:39:38.868775,352,8,49395,106,0,2,8,15624
20:39:38.869317,352,9,49395,106,0,2,8,15624
20:39:38.873544,352,17,49395,106,0,2,8,3752
20:39:38.874312,352,18,49395,106,0,2,8,17424
20:39:38.874797,352,19,49395,106,0,2,8,17424
20:39:38.879218,353,7,49395,106,0,2,8,3752
20:39:38.880013,353,8,49395,106,0,2,8,17424
20:39:38.880554,353,9,49395,106,0,2,8,17424
20:39:38.884967,353,17,49395,106,0,2,8,3752
20:39:38.885560,353,18,49395,106,0,2,8,17424
20:39:38.886230,353,19,49395,94,12,2,8,15112
20:39:38.890552,354,7,49395,106,0,2,8,3752
20:39:38.933418,354,8,49395,106,0,2,8,17424
20:39:38.933948,354,9,49395,106,0,2,8,17424
20:39:38.938438,354,17,49395,106,0,2,8,3752
20:39:38.938994,354,18,49395,106,0,2,8,17424
20:39:38.939557,354,19,49395,106,0,2,8,17424
20:39:38.944081,355,7,49395,106,0,2,8,3752
20:39:38.944766,355,8,49395,106,0,2,8,17424
20:39:38.945268,355,9,49395,106,0,2,8,17424
20:39:38.993870,355,17,49395,106,0,2,8,3752
20:39:38.994749,355,18,49395,106,0,2,8,17424
20:39:38.995296,355,19,49395,94,12,2,8,15112
20:39:38.999547,356,7,49395,106,0,2,8,3752
20:39:39.000292,356,8,49395,106,0,2,8,17424
20:39:39.000852,356,9,49395,106,0,2,8,17424
20:39:39.005233,356,17,49395,106,0,2,8,3752
20:39:39.006020,356,18,49395,106,0,2,8,17424
20:39:39.006532,356,19,49395,106,0,2,8,17424
20:39:39.010996,357,7,49395,106,0,2,8,3752
20:39:39.011872,357,8,61809,5,0,2,8,808
20:39:39.011872,357,8,49395,101,5,2,8,16392
20:39:39.012292,357,9,49395,106,0,2,8,17424
20:39:39.016876,357,17,49395,106,0,2,8,3752
20:39:39.017616,357,18,49395,106,0,2,8,17424
20:39:39.018315,357,19,49395,94,12,2,8,15112
20:39:39.022852,358,7,49395,106,0,2,8,3752
20:39:39.023659,358,8,49395,106,0,2,8,17424
20:39:39.024129,358,9,49395,106,0,2,8,17424
20:39:39.028712,358,17,49395,106,0,2,8,3752
20:39:39.029322,358,18,49395,106,0,2,8,17424
20:39:39.029880,358,19,49395,106,0,2,8,17424
20:39:39.034258,359,7,49395,106,0,2,8,3752
20:39:39.034874,359,8,49395,106,0,2,8,17424
20:39:39.035549,359,9,49395,106,0,2,8,17424
20:39:39.040157,359,17,49395,106,0,2,8,3752
20:39:39.040771,359,18,49395,106,0,2,8,17424
20:39:39.041388,359,19,49395,94,12,2,8,15112
20:39:39.046090,360,7,49395,106,0,2,8,3752
20:39:39.046670,360,8,49395,106,0,2,8,15624
20:39:39.047263,360,9,49395,106,0,2,8,15624
20:39:39.051811,360,17,49395,106,0,2,8,3752
20:39:39.052474,360,18,49395,106,0,2,8,17424
20:39:39.053008,360,19,49395,106,0,2,8,17424
20:39:39.057480,361,7,49395,106,0,2,8,3752
20:39:39.058160,361,8,49395,106,0,2,8,17424
20:39:39.058673,361,9,49395,106,0,2,8,17424
20:39:39.063361,361,17,49395,106,0,2,8,3752
20:39:39.064037,361,18,49395,106,0,2,8,17424
20:39:39.064794,361,19,49395,94,12,2,8,15112
20:39:39.069385,362,7,49395,106,0,2,8,3752
20:39:39.069856,362,8,49395,29,0,2,8,4736
20:39:39.126830,367,8,61809,5,0,2,8,808
20:39:39.183957,372,8,49395,5,0,2,8,808
20:39:39.241683,377,8,61809,5,0,2,8,808
20:39:39.298819,382,8,49395,5,0,2,8,808
20:39:39.356401,387,8,61809,5,0,2,8,808
20:39:39.413383,392,8,49395,5,0,2,8,736
20:39:39.470421,397,8,61809,5,0,2,8,808
20:39:39.528050,402,8,49395,5,0,2,8,808
20:39:39.585934,407,8,61809,5,0,2,8,808
20:39:39.643107,412,8,49395,5,0,2,8,808
20:39:39.700031,417,8,61809,5,0,2,8,808
20:39:39.758288,422,8,49395,5,0,2,8,808
20:39:39.816136,427,8,61809,5,0,2,8,808
20:39:39.872873,432,8,49395,5,0,2,8,736
20:39:39.930080,437,8,61809,5,0,2,8,808
20:39:40.036680,442,8,49395,5,0,2,8,808
20:39:40.139265,447,8,61809,5,0,2,8,808
20:39:40.197052,452,8,49395,5,0,2,8,808
20:39:40.253357,457,8,61809,5,0,2,8,808
20:39:40.310307,462,8,49395,5,0,2,8,808
20:39:40.367646,467,8,61809,5,0,2,8,808
20:39:40.425066,472,8,49395,5,0,2,8,736
20:39:40.482512,477,8,61809,5,0,2,8,808
20:39:40.538771,482,8,49395,5,0,2,8,808
20:39:40.595600,487,8,61809,5,0,2,8,808
20:39:40.652736,492,8,49395,5,0,2,8,808
20:39:40.708780,497,8,61809,5,0,2,8,808
20:39:40.759481,502,8,49395,5,0,2,8,808
20:39:40.809766,507,8,61809,5,0,2,8,808
20:39:40.859486,512,8,49395,5,0,2,8,736
20:39:40.910557,517,8,61809,5,0,2,8,808
20:39:40.960641,522,8,49395,5,0,2,8,808
20:39:41.010865,527,8,61809,5,0,2,8,808
20:39:41.061400,532,8,49395,5,0,2,8,808
20:39:41.112136,537,8,61809,5,0,2,8,808
20:39:41.161766,542,8,49395,5,0,2,8,808
20:39:41.215549,547,8,61809,5,0,2,8,808
20:39:41.275455,552,8,49395,5,0,2,8,736
20:39:41.335654,557,8,61809,5,0,2,8,808
20:39:41.396083,562,8,49395,5,0,2,8,808
20:39:41.455691,567,8,61809,5,0,2,8,808
20:39:41.515991,572,8,49395,5,0,2,8,808
20:39:41.576425,577,8,61809,5,0,2,8,808
20:39:41.636897,582,8,49395,5,0,2,8,808
20:39:41.697289,587,8,61809,5,0,2,8,808
20:39:41.757514,592,8,49395,5,0,2,8,736
20:39:41.818478,597,8,61809,5,0,2,8,808
20:39:41.879729,602,8,49395,5,0,2,8,808
20:39:41.941012,607,8,61809,5,0,2,8,808
20:39:42.002495,612,8,49395,5,0,2,8,808
20:39:42.062325,617,8,61809,5,0,2,8,808
20:39:42.122595,622,8,49395,5,0,2,8,808
20:39:42.183258,627,8,61809,5,0,2,8,808
20:39:42.244522,632,8,49395,5,0,2,8,736
20:39:42.306463,637,8,61809,5,0,2,8,808
20:39:42.367880,642,8,49395,5,0,2,8,808
20:39:42.428268,647,8,61809,5,0,2,8,808
20:39:42.491330,652,8,49395,5,0,2,8,808
20:39:42.552642,657,8,61809,5,0,2,8,808
20:39:42.615316,662,8,49395,5,0,2,8,808
20:39:42.675561,667,8,61809,5,0,2,8,808
20:39:42.736598,672,8,49395,5,0,2,8,736
20:39:42.796716,677,8,61809,5,0,2,8,808
20:39:42.857663,682,8,49395,5,0,2,8,808
20:39:42.917218,687,8,61809,5,0,2,8,808
20:39:42.992987,692,8,49395,5,0,2,8,808
20:39:43.052691,697,8,61809,5,0,2,8,808
20:39:43.112868,702,8,49395,5,0,2,8,808
20:39:43.173169,707,8,61809,5,0,2,8,808
20:39:43.232871,712,8,49395,5,0,2,8,736
20:39:43.291889,717,8,61809,5,0,2,8,808
20:39:43.349652,722,8,49395,5,0,2,8,808
20:39:43.407303,727,8,61809,5,0,2,8,808
20:39:43.465099,732,8,49395,5,0,2,8,808
20:39:43.524713,737,8,61809,5,0,2,8,808
20:39:43.582268,742,8,49395,5,0,2,8,808
20:39:43.639489,747,8,61809,5,0,2,8,808
20:39:43.697552,752,8,49395,5,0,2,8,736
20:39:43.755871,757,8,61809,5,0,2,8,808
20:39:43.813102,762,8,49395,5,0,2,8,808
20:39:43.870420,767,8,61809,5,0,2,8,808
20:39:43.927728,772,8,49395,5,0,2,8,808
20:39:43.985743,777,8,61809,5,0,2,8,808
20:39:44.046502,782,8,49395,5,0,2,8,808
20:39:44.110352,787,8,61809,5,0,2,8,808
20:39:44.169135,792,8,49395,5,0,2,8,736
20:39:44.226722,797,8,61809,5,0,2,8,808
20:39:44.284169,802,8,49395,5,0,2,8,808
20:39:44.341180,807,8,61809,5,0,2,8,808
20:39:44.398839,812,8,49395,5,0,2,8,808
20:39:44.456205,817,8,61809,5,0,2,8,808
20:39:44.514269,822,8,49395,5,0,2,8,808
20:39:44.571797,827,8,61809,5,0,2,8,808
20:39:44.626619,832,8,49395,5,0,2,8,736
20:39:44.678104,837,8,61809,5,0,2,8,808
20:39:44.728598,842,8,49395,5,0,2,8,808
20:39:44.779017,847,8,61809,5,0,2,8,808
20:39:44.829173,852,8,49395,5,0,2,8,808
20:39:44.879776,857,8,61809,5,0,2,8,808
20:39:44.931049,862,8,49395,5,0,2,8,808
20:39:44.982084,867,8,61809,5,0,2,8,808
20:39:45.032956,872,8,49395,5,0,2,8,736
20:39:45.083864,877,8,61809,5,0,2,8,808
20:39:45.134569,882,8,49395,5,0,2,8,808
20:39:45.185988,887,8,61809,5,0,2,8,808
20:39:45.237024,892,8,49395,5,0,2,8,808
20:39:45.287994,897,8,61809,5,0,2,8,808
20:39:45.338707,902,8,49395,5,0,2,8,808
20:39:45.389181,907,8,61809,5,0,2,8,808
20:39:45.440746,912,8,49395,5,0,2,8,736
20:39:45.491418,917,8,61809,5,0,2,8,808
20:39:45.542388,922,8,49395,5,0,2,8,808
20:39:45.593416,927,8,61809,5,0,2,8,808
20:39:45.644485,932,8,49395,5,0,2,8,808
20:39:45.694979,937,8,61809,5,0,2,8,808
20:39:45.746196,942,8,49395,5,0,2,8,808
20:39:45.796953,947,8,61809,5,0,2,8,808
20:39:45.847430,952,8,49395,5,0,2,8,736
20:39:45.898170,957,8,61809,5,0,2,8,808
20:39:45.970163,962,8,49395,5,0,2,8,808
20:39:46.021766,967,8,61809,5,0,2,8,808
20:39:46.163060,972,8,49395,5,0,2,8,808
20:39:46.213928,977,8,61809,5,0,2,8,808
20:39:46.264832,982,8,49395,5,0,2,8,808
20:39:46.314721,987,8,61809,5,0,2,8,808
20:39:46.364936,992,8,49395,5,0,2,8,736
20:39:46.415593,997,8,61809,5,0,2,8,808
20:39:46.466255,1002,8,49395,5,0,2,8,808
20:39:46.517117,1007,8,61809,5,0,2,8,808
20:39:46.566598,1012,8,49395,5,0,2,8,808
20:39:46.619491,1017,8,61809,5,0,2,8,808
20:39:46.669158,1022,8,49395,5,0,2,8,808
20:39:46.720293,3,8,61809,5,0,2,8,808
20:39:46.771448,8,8,49395,5,0,2,8,736
20:39:46.821845,13,8,61809,5,0,2,8,808
20:39:46.872847,18,8,49395,5,0,2,8,808
20:39:46.923305,23,8,61809,5,0,2,8,808
20:39:46.973863,28,8,49395,5,0,2,8,808
20:39:47.024843,33,8,61809,5,0,2,8,808
20:39:47.171229,38,8,49395,5,0,2,8,808
20:39:47.223873,43,8,61809,5,0,2,8,808
20:39:47.276030,48,8,49395,5,0,2,8,736
20:39:47.328482,53,8,61809,5,0,2,8,808
20:39:47.379709,58,8,49395,5,0,2,8,808
20:39:47.430987,63,8,61809,5,0,2,8,808
20:39:47.482833,68,8,49395,5,0,2,8,808
20:39:47.533954,73,8,61809,5,0,2,8,808
20:39:47.585723,78,8,49395,5,0,2,8,808
20:39:47.637949,83,8,61809,5,0,2,8,808
20:39:47.692846,88,8,49395,5,0,2,8,736
20:39:47.743898,93,8,61809,5,0,2,8,808
20:39:47.794610,98,8,49395,5,0,2,8,808
20:39:47.847167,103,8,61809,5,0,2,8,808
20:39:47.898091,108,8,49395,5,0,2,8,808
20:39:47.948513,113,8,61809,5,0,2,8,808
20:39:47.999416,118,8,49395,5,0,2,8,808
20:39:48.145000,123,8,61809,5,0,2,8,808
20:39:48.197630,128,8,49395,5,0,2,8,736
20:39:48.264999,133,8,61809,5,0,2,8,808
20:39:48.327898,138,8,49395,5,0,2,8,808
20:39:48.386278,143,8,61809,5,0,2,8,808
20:39:48.444516,148,8,49395,5,0,2,8,808
20:39:48.503162,153,8,61809,5,0,2,8,808
20:39:48.563498,158,8,49395,5,0,2,8,808
20:39:48.623347,163,8,61809,5,0,2,8,808
20:39:48.684330,168,8,49395,5,0,2,8,736
20:39:48.747209,173,8,61809,5,0,2,8,808
20:39:48.807303,178,8,49395,5,0,2,8,808
20:39:48.865948,183,8,61809,5,0,2,8,808
20:39:48.923282,188,8,49395,5,0,2,8,808
20:39:48.981023,193,8,61809,5,0,2,8,808
20:39:49.039454,198,8,49395,5,0,2,8,808
20:39:49.188662,203,8,61809,5,0,2,8,808
20:39:49.247273,208,8,49395,5,0,2,8,736
20:39:49.305810,213,8,61809,5,0,2,8,808
